scenario,power_plant_name,date,year,month,scenario_wacc_pct,scenario_lcoe_brl_mwh,auction_price_brl_mwh,absolute_gap_brl_mwh,percentage_gap_to_auction_pct,lcoe_leq_auction,scenario_capex_brl,scenario_cod_pct,scenario_coe_pct,scenario_debt_share
baseline,SOLAR CAETITÉ 3,2014-10-31,2014,10,8.738335674,290.30958249882883,207.52,82.78958249882882,39.89474869835622,0,140007000.0,5.444449177,13.67916542,0.6
capex_minus_10,SOLAR CAETITÉ 3,2014-10-31,2014,10,8.738335674,266.1769376636563,207.52,58.656937663656294,28.26567929050515,0,126006300.0,5.444449177,13.67916542,0.6
capex_minus_15,SOLAR CAETITÉ 3,2014-10-31,2014,10,8.738335674,254.11061524607007,207.52,46.59061524607006,22.451144586579634,0,119005950.0,5.444449177,13.67916542,0.6
coe_minus_200bps,SOLAR CAETITÉ 3,2014-10-31,2014,10,7.938335674200001,275.2180476507445,207.52,67.69804765074448,32.622420803172936,0,140007000.0,5.444449177,11.67916542,0.6
tech_premium_half,SOLAR CAETITÉ 3,2014-10-31,2014,10,7.4451678371600005,266.12725213233955,207.52,58.60725213233954,28.241736763849048,0,140007000.0,4.3722245886,12.05458271,0.6
cod_minus_100bps,SOLAR CAETITÉ 3,2014-10-31,2014,10,8.1383356742,278.95178409750014,207.52,71.43178409750013,34.42163844328264,0,140007000.0,4.444449177,13.67916542,0.6
cod_minus_200bps,SOLAR CAETITÉ 3,2014-10-31,2014,10,7.538335674200001,267.83178623140856,207.52,60.31178623140855,29.063119810817533,0,140007000.0,3.444449177,13.67916542,0.6
debt_share_plus_10pp,SOLAR CAETITÉ 3,2014-10-31,2014,10,7.9148640499,274.7816182108176,207.52,67.2616182108176,32.41211363281496,0,140007000.0,5.444449177,13.67916542,0.7
combined_financing_relief,SOLAR CAETITÉ 3,2014-10-31,2014,10,6.6148640499,251.21172191569227,207.52,43.691721915692256,21.05422220301284,0,140007000.0,4.444449177,11.67916542,0.7
opex_minus_10,SOLAR CAETITÉ 3,2014-10-31,2014,10,8.738335674,285.4112690841185,207.52,77.89126908411848,37.53434323637166,0,140007000.0,5.444449177,13.67916542,0.6
baseline,SOLAR CAETITÉ 2,2014-10-31,2014,10,8.738335674,290.30958249882883,207.52,82.78958249882882,39.89474869835622,0,140007000.0,5.444449177,13.67916542,0.6
capex_minus_10,SOLAR CAETITÉ 2,2014-10-31,2014,10,8.738335674,266.1769376636563,207.52,58.656937663656294,28.26567929050515,0,126006300.0,5.444449177,13.67916542,0.6
capex_minus_15,SOLAR CAETITÉ 2,2014-10-31,2014,10,8.738335674,254.11061524607007,207.52,46.59061524607006,22.451144586579634,0,119005950.0,5.444449177,13.67916542,0.6
coe_minus_200bps,SOLAR CAETITÉ 2,2014-10-31,2014,10,7.938335674200001,275.2180476507445,207.52,67.69804765074448,32.622420803172936,0,140007000.0,5.444449177,11.67916542,0.6
tech_premium_half,SOLAR CAETITÉ 2,2014-10-31,2014,10,7.4451678371600005,266.12725213233955,207.52,58.60725213233954,28.241736763849048,0,140007000.0,4.3722245886,12.05458271,0.6
cod_minus_100bps,SOLAR CAETITÉ 2,2014-10-31,2014,10,8.1383356742,278.95178409750014,207.52,71.43178409750013,34.42163844328264,0,140007000.0,4.444449177,13.67916542,0.6
cod_minus_200bps,SOLAR CAETITÉ 2,2014-10-31,2014,10,7.538335674200001,267.83178623140856,207.52,60.31178623140855,29.063119810817533,0,140007000.0,3.444449177,13.67916542,0.6
debt_share_plus_10pp,SOLAR CAETITÉ 2,2014-10-31,2014,10,7.9148640499,274.7816182108176,207.52,67.2616182108176,32.41211363281496,0,140007000.0,5.444449177,13.67916542,0.7
combined_financing_relief,SOLAR CAETITÉ 2,2014-10-31,2014,10,6.6148640499,251.21172191569227,207.52,43.691721915692256,21.05422220301284,0,140007000.0,4.444449177,11.67916542,0.7
opex_minus_10,SOLAR CAETITÉ 2,2014-10-31,2014,10,8.738335674,285.4112690841185,207.52,77.89126908411848,37.53434323637166,0,140007000.0,5.444449177,13.67916542,0.6
baseline,SOLAR CAETITÉ 1,2014-10-31,2014,10,8.738335674,290.30958249882883,207.52,82.78958249882882,39.89474869835622,0,140007000.0,5.444449177,13.67916542,0.6
capex_minus_10,SOLAR CAETITÉ 1,2014-10-31,2014,10,8.738335674,266.1769376636563,207.52,58.656937663656294,28.26567929050515,0,126006300.0,5.444449177,13.67916542,0.6
capex_minus_15,SOLAR CAETITÉ 1,2014-10-31,2014,10,8.738335674,254.11061524607007,207.52,46.59061524607006,22.451144586579634,0,119005950.0,5.444449177,13.67916542,0.6
coe_minus_200bps,SOLAR CAETITÉ 1,2014-10-31,2014,10,7.938335674200001,275.2180476507445,207.52,67.69804765074448,32.622420803172936,0,140007000.0,5.444449177,11.67916542,0.6
tech_premium_half,SOLAR CAETITÉ 1,2014-10-31,2014,10,7.4451678371600005,266.12725213233955,207.52,58.60725213233954,28.241736763849048,0,140007000.0,4.3722245886,12.05458271,0.6
cod_minus_100bps,SOLAR CAETITÉ 1,2014-10-31,2014,10,8.1383356742,278.95178409750014,207.52,71.43178409750013,34.42163844328264,0,140007000.0,4.444449177,13.67916542,0.6
cod_minus_200bps,SOLAR CAETITÉ 1,2014-10-31,2014,10,7.538335674200001,267.83178623140856,207.52,60.31178623140855,29.063119810817533,0,140007000.0,3.444449177,13.67916542,0.6
debt_share_plus_10pp,SOLAR CAETITÉ 1,2014-10-31,2014,10,7.9148640499,274.7816182108176,207.52,67.2616182108176,32.41211363281496,0,140007000.0,5.444449177,13.67916542,0.7
combined_financing_relief,SOLAR CAETITÉ 1,2014-10-31,2014,10,6.6148640499,251.21172191569227,207.52,43.691721915692256,21.05422220301284,0,140007000.0,4.444449177,11.67916542,0.7
opex_minus_10,SOLAR CAETITÉ 1,2014-10-31,2014,10,8.738335674,285.4112690841185,207.52,77.89126908411848,37.53434323637166,0,140007000.0,5.444449177,13.67916542,0.6
baseline,DRACENA 4,2014-10-31,2014,10,8.738335674,297.6445235041494,217.75,79.89452350414939,36.69094075965529,0,128320000.0,5.444449177,13.67916542,0.6
capex_minus_10,DRACENA 4,2014-10-31,2014,10,8.738335674,272.90214500243815,217.75,55.15214500243815,25.328195179076076,0,115488000.0,5.444449177,13.67916542,0.6
capex_minus_15,DRACENA 4,2014-10-31,2014,10,8.738335674,260.5309557515825,217.75,42.780955751582496,19.64682238878645,0,109072000.0,5.444449177,13.67916542,0.6
coe_minus_200bps,DRACENA 4,2014-10-31,2014,10,7.938335674200001,282.1716870233817,217.75,64.42168702338171,29.58516051590434,0,128320000.0,5.444449177,11.67916542,0.6
tech_premium_half,DRACENA 4,2014-10-31,2014,10,7.4451678371600005,272.8512041200652,217.75,55.10120412006518,25.304800973623504,0,128320000.0,4.3722245886,12.05458271,0.6
cod_minus_100bps,DRACENA 4,2014-10-31,2014,10,8.1383356742,285.999759786323,217.75,68.24975978632301,31.343173265819985,0,128320000.0,4.444449177,13.67916542,0.6
cod_minus_200bps,DRACENA 4,2014-10-31,2014,10,7.538335674200001,274.5988048549324,217.75,56.84880485493238,26.10737306770718,0,128320000.0,3.444449177,13.67916542,0.6
debt_share_plus_10pp,DRACENA 4,2014-10-31,2014,10,7.9148640499,281.7242307886541,217.75,63.9742307886541,29.379669707763075,0,128320000.0,5.444449177,13.67916542,0.7
combined_financing_relief,DRACENA 4,2014-10-31,2014,10,6.6148640499,257.55881919107776,217.75,39.80881919107776,18.281891706579913,0,128320000.0,4.444449177,11.67916542,0.7
opex_minus_10,DRACENA 4,2014-10-31,2014,10,8.738335674,292.62244965544573,217.75,74.87244965544573,34.384592264268996,0,128320000.0,5.444449177,13.67916542,0.6
baseline,DRACENA 1,2014-10-31,2014,10,8.738335674,297.6445235041494,217.75,79.89452350414939,36.69094075965529,0,128320000.0,5.444449177,13.67916542,0.6
capex_minus_10,DRACENA 1,2014-10-31,2014,10,8.738335674,272.90214500243815,217.75,55.15214500243815,25.328195179076076,0,115488000.0,5.444449177,13.67916542,0.6
capex_minus_15,DRACENA 1,2014-10-31,2014,10,8.738335674,260.5309557515825,217.75,42.780955751582496,19.64682238878645,0,109072000.0,5.444449177,13.67916542,0.6
coe_minus_200bps,DRACENA 1,2014-10-31,2014,10,7.938335674200001,282.1716870233817,217.75,64.42168702338171,29.58516051590434,0,128320000.0,5.444449177,11.67916542,0.6
tech_premium_half,DRACENA 1,2014-10-31,2014,10,7.4451678371600005,272.8512041200652,217.75,55.10120412006518,25.304800973623504,0,128320000.0,4.3722245886,12.05458271,0.6
cod_minus_100bps,DRACENA 1,2014-10-31,2014,10,8.1383356742,285.999759786323,217.75,68.24975978632301,31.343173265819985,0,128320000.0,4.444449177,13.67916542,0.6
cod_minus_200bps,DRACENA 1,2014-10-31,2014,10,7.538335674200001,274.5988048549324,217.75,56.84880485493238,26.10737306770718,0,128320000.0,3.444449177,13.67916542,0.6
debt_share_plus_10pp,DRACENA 1,2014-10-31,2014,10,7.9148640499,281.7242307886541,217.75,63.9742307886541,29.379669707763075,0,128320000.0,5.444449177,13.67916542,0.7
combined_financing_relief,DRACENA 1,2014-10-31,2014,10,6.6148640499,257.55881919107776,217.75,39.80881919107776,18.281891706579913,0,128320000.0,4.444449177,11.67916542,0.7
opex_minus_10,DRACENA 1,2014-10-31,2014,10,8.738335674,292.62244965544573,217.75,74.87244965544573,34.384592264268996,0,128320000.0,5.444449177,13.67916542,0.6
baseline,DRACENA 2,2014-10-31,2014,10,8.738335674,297.6445235041494,217.75,79.89452350414939,36.69094075965529,0,128320000.0,5.444449177,13.67916542,0.6
capex_minus_10,DRACENA 2,2014-10-31,2014,10,8.738335674,272.90214500243815,217.75,55.15214500243815,25.328195179076076,0,115488000.0,5.444449177,13.67916542,0.6
capex_minus_15,DRACENA 2,2014-10-31,2014,10,8.738335674,260.5309557515825,217.75,42.780955751582496,19.64682238878645,0,109072000.0,5.444449177,13.67916542,0.6
coe_minus_200bps,DRACENA 2,2014-10-31,2014,10,7.938335674200001,282.1716870233817,217.75,64.42168702338171,29.58516051590434,0,128320000.0,5.444449177,11.67916542,0.6
tech_premium_half,DRACENA 2,2014-10-31,2014,10,7.4451678371600005,272.8512041200652,217.75,55.10120412006518,25.304800973623504,0,128320000.0,4.3722245886,12.05458271,0.6
cod_minus_100bps,DRACENA 2,2014-10-31,2014,10,8.1383356742,285.999759786323,217.75,68.24975978632301,31.343173265819985,0,128320000.0,4.444449177,13.67916542,0.6
cod_minus_200bps,DRACENA 2,2014-10-31,2014,10,7.538335674200001,274.5988048549324,217.75,56.84880485493238,26.10737306770718,0,128320000.0,3.444449177,13.67916542,0.6
debt_share_plus_10pp,DRACENA 2,2014-10-31,2014,10,7.9148640499,281.7242307886541,217.75,63.9742307886541,29.379669707763075,0,128320000.0,5.444449177,13.67916542,0.7
combined_financing_relief,DRACENA 2,2014-10-31,2014,10,6.6148640499,257.55881919107776,217.75,39.80881919107776,18.281891706579913,0,128320000.0,4.444449177,11.67916542,0.7
opex_minus_10,DRACENA 2,2014-10-31,2014,10,8.738335674,292.62244965544573,217.75,74.87244965544573,34.384592264268996,0,128320000.0,5.444449177,13.67916542,0.6
baseline,DRACENA 3,2014-10-31,2014,10,8.738335674,297.51694831093926,217.75,79.76694831093926,36.63235284084466,0,128265000.0,5.444449177,13.67916542,0.6
capex_minus_10,DRACENA 3,2014-10-31,2014,10,8.738335674,272.78517478754463,217.75,55.03517478754463,25.274477514371817,0,115438500.0,5.444449177,13.67916542,0.6
capex_minus_15,DRACENA 3,2014-10-31,2014,10,8.738335674,260.4192880258473,217.75,42.66928802584732,19.595539851135396,0,109025250.0,5.444449177,13.67916542,0.6
coe_minus_200bps,DRACENA 3,2014-10-31,2014,10,7.938335674200001,282.0507437348352,217.75,64.30074373483518,29.529618247915124,0,128265000.0,5.444449177,11.67916542,0.6
tech_premium_half,DRACENA 3,2014-10-31,2014,10,7.4451678371600005,272.73425573924686,217.75,54.98425573924686,25.251093336049074,0,128265000.0,4.3722245886,12.05458271,0.6
cod_minus_100bps,DRACENA 3,2014-10-31,2014,10,8.1383356742,285.8771757246939,217.75,68.12717572469393,31.286877485508118,0,128265000.0,4.444449177,13.67916542,0.6
cod_minus_200bps,DRACENA 3,2014-10-31,2014,10,7.538335674200001,274.48110742454725,217.75,56.73110742454725,26.053321434924108,0,128265000.0,3.444449177,13.67916542,0.6
debt_share_plus_10pp,DRACENA 3,2014-10-31,2014,10,7.9148640499,281.6034792869912,217.75,63.85347928699122,29.324215516413876,0,128265000.0,5.444449177,13.67916542,0.7
combined_financing_relief,DRACENA 3,2014-10-31,2014,10,6.6148640499,257.448425370508,217.75,39.698425370508005,18.231194200003674,0,128265000.0,4.444449177,11.67916542,0.7
opex_minus_10,DRACENA 3,2014-10-31,2014,10,8.738335674,292.4970270032399,217.75,74.74702700323991,34.32699288323302,0,128265000.0,5.444449177,13.67916542,0.6
baseline,COREMAS I,2014-10-31,2014,10,8.738335674,248.66062457589845,219.78,28.88062457589845,13.140697322731118,0,125372000.0,5.444449177,13.67916542,0.6
capex_minus_10,COREMAS I,2014-10-31,2014,10,8.738335674,227.99014416760352,219.78,8.210144167603517,3.7356193318789317,0,112834800.0,5.444449177,13.67916542,0.6
capex_minus_15,COREMAS I,2014-10-31,2014,10,8.738335674,217.65490396345604,219.78,-2.1250960365439653,-0.9669196635471676,1,106566200.0,5.444449177,13.67916542,0.6
coe_minus_200bps,COREMAS I,2014-10-31,2014,10,7.938335674200001,235.73418085043608,219.78,15.954180850436074,7.25915954610796,0,125372000.0,5.444449177,11.67916542,0.6
tech_premium_half,COREMAS I,2014-10-31,2014,10,7.4451678371600005,227.9475867186096,219.78,8.167586718609613,3.716255673223047,0,125372000.0,4.3722245886,12.05458271,0.6
cod_minus_100bps,COREMAS I,2014-10-31,2014,10,8.1383356742,238.93226073763992,219.78,19.15226073763992,8.714287349913514,0,125372000.0,4.444449177,13.67916542,0.6
cod_minus_200bps,COREMAS I,2014-10-31,2014,10,7.538335674200001,229.40758163175434,219.78,9.627581631754339,4.380554023002247,0,125372000.0,3.444449177,13.67916542,0.6
debt_share_plus_10pp,COREMAS I,2014-10-31,2014,10,7.9148640499,235.36036329959435,219.78,15.580363299594353,7.089072390387821,0,125372000.0,5.444449177,13.67916542,0.7
combined_financing_relief,COREMAS I,2014-10-31,2014,10,6.6148640499,215.17189730585272,219.78,-4.608102694147277,-2.0966888225258336,1,125372000.0,4.444449177,11.67916542,0.7
opex_minus_10,COREMAS I,2014-10-31,2014,10,8.738335674,244.46504252660358,219.78,24.68504252660358,11.23170558131021,0,125372000.0,5.444449177,13.67916542,0.6
baseline,VAZANTE 2,2014-10-31,2014,10,8.738335674,292.68378144574694,216.12,76.56378144574694,35.42651371726214,0,128320000.0,5.444449177,13.67916542,0.6
capex_minus_10,VAZANTE 2,2014-10-31,2014,10,8.738335674,268.3537759190642,216.12,52.233775919064215,24.168876512615313,0,115488000.0,5.444449177,13.67916542,0.6
capex_minus_15,VAZANTE 2,2014-10-31,2014,10,8.738335674,256.1887731557228,216.12,40.068773155722795,18.54005791029187,0,109072000.0,5.444449177,13.67916542,0.6
coe_minus_200bps,VAZANTE 2,2014-10-31,2014,10,7.938335674200001,277.4688255729921,216.12,61.3488255729921,28.38646380390158,0,128320000.0,5.444449177,11.67916542,0.6
tech_premium_half,VAZANTE 2,2014-10-31,2014,10,7.4451678371600005,268.30368405139734,216.12,52.183684051397336,24.145698709697083,0,128320000.0,4.3722245886,12.05458271,0.6
cod_minus_100bps,VAZANTE 2,2014-10-31,2014,10,8.1383356742,281.2330971232177,216.12,65.1130971232177,30.12821447492953,0,128320000.0,4.444449177,13.67916542,0.6
cod_minus_200bps,VAZANTE 2,2014-10-31,2014,10,7.538335674200001,270.0221581073502,216.12,53.9021581073502,24.940846801476123,0,128320000.0,3.444449177,13.67916542,0.6
debt_share_plus_10pp,VAZANTE 2,2014-10-31,2014,10,7.9148640499,277.0288269421765,216.12,60.90882694217652,28.18287383961527,0,128320000.0,5.444449177,13.67916542,0.7
combined_financing_relief,VAZANTE 2,2014-10-31,2014,10,6.6148640499,253.26617220455972,216.12,37.14617220455972,17.187753194780548,0,128320000.0,4.444449177,11.67916542,0.7
opex_minus_10,VAZANTE 2,2014-10-31,2014,10,8.738335674,287.745408827855,216.12,71.62540882785498,33.141499550182765,0,128320000.0,5.444449177,13.67916542,0.6
baseline,VAZANTE 3,2014-10-31,2014,10,8.738335674,292.68378144574694,216.12,76.56378144574694,35.42651371726214,0,128320000.0,5.444449177,13.67916542,0.6
capex_minus_10,VAZANTE 3,2014-10-31,2014,10,8.738335674,268.3537759190642,216.12,52.233775919064215,24.168876512615313,0,115488000.0,5.444449177,13.67916542,0.6
capex_minus_15,VAZANTE 3,2014-10-31,2014,10,8.738335674,256.1887731557228,216.12,40.068773155722795,18.54005791029187,0,109072000.0,5.444449177,13.67916542,0.6
coe_minus_200bps,VAZANTE 3,2014-10-31,2014,10,7.938335674200001,277.4688255729921,216.12,61.3488255729921,28.38646380390158,0,128320000.0,5.444449177,11.67916542,0.6
tech_premium_half,VAZANTE 3,2014-10-31,2014,10,7.4451678371600005,268.30368405139734,216.12,52.183684051397336,24.145698709697083,0,128320000.0,4.3722245886,12.05458271,0.6
cod_minus_100bps,VAZANTE 3,2014-10-31,2014,10,8.1383356742,281.2330971232177,216.12,65.1130971232177,30.12821447492953,0,128320000.0,4.444449177,13.67916542,0.6
cod_minus_200bps,VAZANTE 3,2014-10-31,2014,10,7.538335674200001,270.0221581073502,216.12,53.9021581073502,24.940846801476123,0,128320000.0,3.444449177,13.67916542,0.6
debt_share_plus_10pp,VAZANTE 3,2014-10-31,2014,10,7.9148640499,277.0288269421765,216.12,60.90882694217652,28.18287383961527,0,128320000.0,5.444449177,13.67916542,0.7
combined_financing_relief,VAZANTE 3,2014-10-31,2014,10,6.6148640499,253.26617220455972,216.12,37.14617220455972,17.187753194780548,0,128320000.0,4.444449177,11.67916542,0.7
opex_minus_10,VAZANTE 3,2014-10-31,2014,10,8.738335674,287.745408827855,216.12,71.62540882785498,33.141499550182765,0,128320000.0,5.444449177,13.67916542,0.6
baseline,VAZANTE 1,2014-10-31,2014,10,8.738335674,292.68378144574694,216.12,76.56378144574694,35.42651371726214,0,128320000.0,5.444449177,13.67916542,0.6
capex_minus_10,VAZANTE 1,2014-10-31,2014,10,8.738335674,268.3537759190642,216.12,52.233775919064215,24.168876512615313,0,115488000.0,5.444449177,13.67916542,0.6
capex_minus_15,VAZANTE 1,2014-10-31,2014,10,8.738335674,256.1887731557228,216.12,40.068773155722795,18.54005791029187,0,109072000.0,5.444449177,13.67916542,0.6
coe_minus_200bps,VAZANTE 1,2014-10-31,2014,10,7.938335674200001,277.4688255729921,216.12,61.3488255729921,28.38646380390158,0,128320000.0,5.444449177,11.67916542,0.6
tech_premium_half,VAZANTE 1,2014-10-31,2014,10,7.4451678371600005,268.30368405139734,216.12,52.183684051397336,24.145698709697083,0,128320000.0,4.3722245886,12.05458271,0.6
cod_minus_100bps,VAZANTE 1,2014-10-31,2014,10,8.1383356742,281.2330971232177,216.12,65.1130971232177,30.12821447492953,0,128320000.0,4.444449177,13.67916542,0.6
cod_minus_200bps,VAZANTE 1,2014-10-31,2014,10,7.538335674200001,270.0221581073502,216.12,53.9021581073502,24.940846801476123,0,128320000.0,3.444449177,13.67916542,0.6
debt_share_plus_10pp,VAZANTE 1,2014-10-31,2014,10,7.9148640499,277.0288269421765,216.12,60.90882694217652,28.18287383961527,0,128320000.0,5.444449177,13.67916542,0.7
combined_financing_relief,VAZANTE 1,2014-10-31,2014,10,6.6148640499,253.26617220455972,216.12,37.14617220455972,17.187753194780548,0,128320000.0,4.444449177,11.67916542,0.7
opex_minus_10,VAZANTE 1,2014-10-31,2014,10,8.738335674,287.745408827855,216.12,71.62540882785498,33.141499550182765,0,128320000.0,5.444449177,13.67916542,0.6
baseline,CAETITÉ II,2014-10-31,2014,10,8.738335674,313.6048046686937,220.3,93.30480466869369,42.35352004933894,0,148950000.0,5.444449177,13.67916542,0.6
capex_minus_10,CAETITÉ II,2014-10-31,2014,10,8.738335674,287.5356914670867,220.3,67.23569146708667,30.52005967638977,0,134055000.0,5.444449177,13.67916542,0.6
capex_minus_15,CAETITÉ II,2014-10-31,2014,10,8.738335674,274.50113486628317,220.3,54.201134866283155,24.603329489915186,0,126607500.0,5.444449177,13.67916542,0.6
coe_minus_200bps,CAETITÉ II,2014-10-31,2014,10,7.938335674200001,297.3022844506318,220.3,77.0022844506318,34.95337469388643,0,148950000.0,5.444449177,11.67916542,0.6
tech_premium_half,CAETITÉ II,2014-10-31,2014,10,7.4451678371600005,287.4820190350251,220.3,67.18201903502506,30.495696339094447,0,148950000.0,4.3722245886,12.05458271,0.6
cod_minus_100bps,CAETITÉ II,2014-10-31,2014,10,8.1383356742,301.3356259579652,220.3,81.03562595796518,36.784215142063175,0,148950000.0,4.444449177,13.67916542,0.6
cod_minus_200bps,CAETITÉ II,2014-10-31,2014,10,7.538335674200001,289.32332953738114,220.3,69.02332953738113,31.331515904394518,0,148950000.0,3.444449177,13.67916542,0.6
debt_share_plus_10pp,CAETITÉ II,2014-10-31,2014,10,7.9148640499,296.83083473794255,220.3,76.53083473794254,34.73937119289266,0,148950000.0,5.444449177,13.67916542,0.7
combined_financing_relief,CAETITÉ II,2014-10-31,2014,10,6.6148640499,271.36962653368386,220.3,51.069626533683845,23.181854985784767,0,148950000.0,4.444449177,11.67916542,0.7
opex_minus_10,CAETITÉ II,2014-10-31,2014,10,8.738335674,308.31343740343135,220.3,88.01343740343134,39.951628417354215,0,148950000.0,5.444449177,13.67916542,0.6
baseline,CAETITÉ I,2014-10-31,2014,10,8.738335674,313.6048046686937,220.3,93.30480466869369,42.35352004933894,0,148950000.0,5.444449177,13.67916542,0.6
capex_minus_10,CAETITÉ I,2014-10-31,2014,10,8.738335674,287.5356914670867,220.3,67.23569146708667,30.52005967638977,0,134055000.0,5.444449177,13.67916542,0.6
capex_minus_15,CAETITÉ I,2014-10-31,2014,10,8.738335674,274.50113486628317,220.3,54.201134866283155,24.603329489915186,0,126607500.0,5.444449177,13.67916542,0.6
coe_minus_200bps,CAETITÉ I,2014-10-31,2014,10,7.938335674200001,297.3022844506318,220.3,77.0022844506318,34.95337469388643,0,148950000.0,5.444449177,11.67916542,0.6
tech_premium_half,CAETITÉ I,2014-10-31,2014,10,7.4451678371600005,287.4820190350251,220.3,67.18201903502506,30.495696339094447,0,148950000.0,4.3722245886,12.05458271,0.6
cod_minus_100bps,CAETITÉ I,2014-10-31,2014,10,8.1383356742,301.3356259579652,220.3,81.03562595796518,36.784215142063175,0,148950000.0,4.444449177,13.67916542,0.6
cod_minus_200bps,CAETITÉ I,2014-10-31,2014,10,7.538335674200001,289.32332953738114,220.3,69.02332953738113,31.331515904394518,0,148950000.0,3.444449177,13.67916542,0.6
debt_share_plus_10pp,CAETITÉ I,2014-10-31,2014,10,7.9148640499,296.83083473794255,220.3,76.53083473794254,34.73937119289266,0,148950000.0,5.444449177,13.67916542,0.7
combined_financing_relief,CAETITÉ I,2014-10-31,2014,10,6.6148640499,271.36962653368386,220.3,51.069626533683845,23.181854985784767,0,148950000.0,4.444449177,11.67916542,0.7
opex_minus_10,CAETITÉ I,2014-10-31,2014,10,8.738335674,308.31343740343135,220.3,88.01343740343134,39.951628417354215,0,148950000.0,5.444449177,13.67916542,0.6
baseline,CAETITÉ V,2014-10-31,2014,10,8.738335674,317.88662224342056,220.3,97.58662224342055,44.29715036015458,0,53425000.0,5.444449177,13.67916542,0.6
capex_minus_10,CAETITÉ V,2014-10-31,2014,10,8.738335674,291.46157320982877,220.3,71.16157320982876,32.30212129361269,0,48082500.0,5.444449177,13.67916542,0.6
capex_minus_15,CAETITÉ V,2014-10-31,2014,10,8.738335674,278.2490486930329,220.3,57.949048693032864,26.30460676034174,0,45411250.0,5.444449177,13.67916542,0.6
coe_minus_200bps,CAETITÉ V,2014-10-31,2014,10,7.938335674200001,301.3615148183298,220.3,81.06151481832978,36.795966780903214,0,53425000.0,5.444449177,11.67916542,0.6
tech_premium_half,CAETITÉ V,2014-10-31,2014,10,7.4451678371600005,291.407167958756,220.3,71.10716795875601,32.277425310374944,0,53425000.0,4.3722245886,12.05458271,0.6
cod_minus_100bps,CAETITÉ V,2014-10-31,2014,10,8.1383356742,305.4499257388032,220.3,85.14992573880318,38.65180469305636,0,53425000.0,4.444449177,13.67916542,0.6
cod_minus_200bps,CAETITÉ V,2014-10-31,2014,10,7.538335674200001,293.2736188784529,220.3,72.9736188784529,33.12465677641983,0,53425000.0,3.444449177,13.67916542,0.6
debt_share_plus_10pp,CAETITÉ V,2014-10-31,2014,10,7.9148640499,300.8836281453793,220.3,80.5836281453793,36.579041373299724,0,53425000.0,5.444449177,13.67916542,0.7
combined_financing_relief,CAETITÉ V,2014-10-31,2014,10,6.6148640499,275.0747841678807,220.3,54.77478416788068,24.863724088915422,0,53425000.0,4.444449177,11.67916542,0.7
opex_minus_10,CAETITÉ V,2014-10-31,2014,10,8.738335674,312.5230090526704,220.3,92.22300905267036,41.862464390681055,0,53425000.0,5.444449177,13.67916542,0.6
baseline,CAETITÉ IV,2014-10-31,2014,10,8.738335674,313.6048046686937,220.3,93.30480466869369,42.35352004933894,0,148950000.0,5.444449177,13.67916542,0.6
capex_minus_10,CAETITÉ IV,2014-10-31,2014,10,8.738335674,287.5356914670867,220.3,67.23569146708667,30.52005967638977,0,134055000.0,5.444449177,13.67916542,0.6
capex_minus_15,CAETITÉ IV,2014-10-31,2014,10,8.738335674,274.50113486628317,220.3,54.201134866283155,24.603329489915186,0,126607500.0,5.444449177,13.67916542,0.6
coe_minus_200bps,CAETITÉ IV,2014-10-31,2014,10,7.938335674200001,297.3022844506318,220.3,77.0022844506318,34.95337469388643,0,148950000.0,5.444449177,11.67916542,0.6
tech_premium_half,CAETITÉ IV,2014-10-31,2014,10,7.4451678371600005,287.4820190350251,220.3,67.18201903502506,30.495696339094447,0,148950000.0,4.3722245886,12.05458271,0.6
cod_minus_100bps,CAETITÉ IV,2014-10-31,2014,10,8.1383356742,301.3356259579652,220.3,81.03562595796518,36.784215142063175,0,148950000.0,4.444449177,13.67916542,0.6
cod_minus_200bps,CAETITÉ IV,2014-10-31,2014,10,7.538335674200001,289.32332953738114,220.3,69.02332953738113,31.331515904394518,0,148950000.0,3.444449177,13.67916542,0.6
debt_share_plus_10pp,CAETITÉ IV,2014-10-31,2014,10,7.9148640499,296.83083473794255,220.3,76.53083473794254,34.73937119289266,0,148950000.0,5.444449177,13.67916542,0.7
combined_financing_relief,CAETITÉ IV,2014-10-31,2014,10,6.6148640499,271.36962653368386,220.3,51.069626533683845,23.181854985784767,0,148950000.0,4.444449177,11.67916542,0.7
opex_minus_10,CAETITÉ IV,2014-10-31,2014,10,8.738335674,308.31343740343135,220.3,88.01343740343134,39.951628417354215,0,148950000.0,5.444449177,13.67916542,0.6
baseline,ITUVERAVA 2,2014-10-31,2014,10,8.738335674,255.1924696658801,214.84,40.35246966588011,18.782568267492135,0,156636000.0,5.444449177,13.67916542,0.6
capex_minus_10,ITUVERAVA 2,2014-10-31,2014,10,8.738335674,233.9790147669807,214.84,19.139014766980694,8.908496912577125,0,140972400.0,5.444449177,13.67916542,0.6
capex_minus_15,ITUVERAVA 2,2014-10-31,2014,10,8.738335674,223.372287317531,214.84,8.532287317531,3.9714612351196243,0,133140600.0,5.444449177,13.67916542,0.6
coe_minus_200bps,ITUVERAVA 2,2014-10-31,2014,10,7.938335674200001,241.92647267128595,214.84,27.086472671285946,12.607741887584222,0,156636000.0,5.444449177,11.67916542,0.6
tech_premium_half,ITUVERAVA 2,2014-10-31,2014,10,7.4451678371600005,233.9353394141581,214.84,19.095339414158104,8.888167666243765,0,156636000.0,4.3722245886,12.05458271,0.6
cod_minus_100bps,ITUVERAVA 2,2014-10-31,2014,10,8.1383356742,245.2085600785554,214.84,30.36856007855539,14.135431054996921,0,156636000.0,4.444449177,13.67916542,0.6
cod_minus_200bps,ITUVERAVA 2,2014-10-31,2014,10,7.538335674200001,235.4336856369283,214.84,20.593685636928285,9.585591899519775,0,156636000.0,3.444449177,13.67916542,0.6
debt_share_plus_10pp,ITUVERAVA 2,2014-10-31,2014,10,7.9148640499,241.54283563922095,214.84,26.70283563922095,12.429173170369088,0,156636000.0,5.444449177,13.67916542,0.7
combined_financing_relief,ITUVERAVA 2,2014-10-31,2014,10,6.6148640499,220.8240567634119,214.84,5.9840567634119,2.7853550378942002,0,156636000.0,4.444449177,11.67916542,0.7
opex_minus_10,ITUVERAVA 2,2014-10-31,2014,10,8.738335674,250.8866775981915,214.84,36.04667759819151,16.778382795657933,0,156636000.0,5.444449177,13.67916542,0.6
baseline,ITUVERAVA 1,2014-10-31,2014,10,8.738335674,255.1924696658801,214.83,40.3624696658801,18.788097409989337,0,156636000.0,5.444449177,13.67916542,0.6
capex_minus_10,ITUVERAVA 1,2014-10-31,2014,10,8.738335674,233.9790147669807,214.83,19.149014766980684,8.913566432519055,0,140972400.0,5.444449177,13.67916542,0.6
capex_minus_15,ITUVERAVA 1,2014-10-31,2014,10,8.738335674,223.372287317531,214.83,8.542287317530992,3.9763009437839183,0,133140600.0,5.444449177,13.67916542,0.6
coe_minus_200bps,ITUVERAVA 1,2014-10-31,2014,10,7.938335674200001,241.92647267128595,214.83,27.096472671285937,12.612983601585409,0,156636000.0,5.444449177,11.67916542,0.6
tech_premium_half,ITUVERAVA 1,2014-10-31,2014,10,7.4451678371600005,233.9353394141581,214.83,19.105339414158095,8.89323623989112,0,156636000.0,4.3722245886,12.05458271,0.6
cod_minus_100bps,ITUVERAVA 1,2014-10-31,2014,10,8.1383356742,245.2085600785554,214.83,30.37856007855538,14.14074388053595,0,156636000.0,4.444449177,13.67916542,0.6
cod_minus_200bps,ITUVERAVA 1,2014-10-31,2014,10,7.538335674200001,235.4336856369283,214.83,20.603685636928276,9.590692937172776,0,156636000.0,3.444449177,13.67916542,0.6
debt_share_plus_10pp,ITUVERAVA 1,2014-10-31,2014,10,7.9148640499,241.54283563922095,214.83,26.71283563922094,12.434406572276192,0,156636000.0,5.444449177,13.67916542,0.7
combined_financing_relief,ITUVERAVA 1,2014-10-31,2014,10,6.6148640499,220.8240567634119,214.83,5.994056763411891,2.790139535172876,0,156636000.0,4.444449177,11.67916542,0.7
opex_minus_10,ITUVERAVA 1,2014-10-31,2014,10,8.738335674,250.8866775981915,214.83,36.0566775981915,16.783818646460688,0,156636000.0,5.444449177,13.67916542,0.6
baseline,ITUVERAVA 3,2014-10-31,2014,10,8.738335674,255.1924696658801,214.85,40.34246966588012,18.777039639692862,0,156636000.0,5.444449177,13.67916542,0.6
capex_minus_10,ITUVERAVA 3,2014-10-31,2014,10,8.738335674,233.9790147669807,214.85,19.129014766980703,8.903427864547686,0,140972400.0,5.444449177,13.67916542,0.6
capex_minus_15,ITUVERAVA 3,2014-10-31,2014,10,8.738335674,223.372287317531,214.85,8.52228731753101,3.9666219769751034,0,133140600.0,5.444449177,13.67916542,0.6
coe_minus_200bps,ITUVERAVA 3,2014-10-31,2014,10,7.938335674200001,241.92647267128595,214.85,27.076472671285956,12.602500661524765,0,156636000.0,5.444449177,11.67916542,0.6
tech_premium_half,ITUVERAVA 3,2014-10-31,2014,10,7.4451678371600005,233.9353394141581,214.85,19.085339414158113,8.883099564420812,0,156636000.0,4.3722245886,12.05458271,0.6
cod_minus_100bps,ITUVERAVA 3,2014-10-31,2014,10,8.1383356742,245.2085600785554,214.85,30.3585600785554,14.130118724019269,0,156636000.0,4.444449177,13.67916542,0.6
cod_minus_200bps,ITUVERAVA 3,2014-10-31,2014,10,7.538335674200001,235.4336856369283,214.85,20.583685636928294,9.580491336713193,0,156636000.0,3.444449177,13.67916542,0.6
debt_share_plus_10pp,ITUVERAVA 3,2014-10-31,2014,10,7.9148640499,241.54283563922095,214.85,26.69283563922096,12.423940255629956,0,156636000.0,5.444449177,13.67916542,0.7
combined_financing_relief,ITUVERAVA 3,2014-10-31,2014,10,6.6148640499,220.8240567634119,214.85,5.974056763411909,2.7805709859957686,0,156636000.0,4.444449177,11.67916542,0.7
opex_minus_10,ITUVERAVA 3,2014-10-31,2014,10,8.738335674,250.8866775981915,214.85,36.03667759819152,16.772947450868752,0,156636000.0,5.444449177,13.67916542,0.6
baseline,ITUVERAVA 4,2014-10-31,2014,10,8.738335674,255.1924696658801,214.86,40.3324696658801,18.77151152651964,0,156636000.0,5.444449177,13.67916542,0.6
capex_minus_10,ITUVERAVA 4,2014-10-31,2014,10,8.738335674,233.9790147669807,214.86,19.119014766980683,8.898359288364833,0,140972400.0,5.444449177,13.67916542,0.6
capex_minus_15,ITUVERAVA 4,2014-10-31,2014,10,8.738335674,223.372287317531,214.86,8.51228731753099,3.9617831692874383,0,133140600.0,5.444449177,13.67916542,0.6
coe_minus_200bps,ITUVERAVA 4,2014-10-31,2014,10,7.938335674200001,241.92647267128595,214.86,27.066472671285936,12.597259923338889,0,156636000.0,5.444449177,11.67916542,0.6
tech_premium_half,ITUVERAVA 4,2014-10-31,2014,10,7.4451678371600005,233.9353394141581,214.86,19.075339414158094,8.878031934356368,0,156636000.0,4.3722245886,12.05458271,0.6
cod_minus_100bps,ITUVERAVA 4,2014-10-31,2014,10,8.1383356742,245.2085600785554,214.86,30.34856007855538,14.12480688753392,0,156636000.0,4.444449177,13.67916542,0.6
cod_minus_200bps,ITUVERAVA 4,2014-10-31,2014,10,7.538335674200001,235.4336856369283,214.86,20.573685636928275,9.575391248686714,0,156636000.0,3.444449177,13.67916542,0.6
debt_share_plus_10pp,ITUVERAVA 4,2014-10-31,2014,10,7.9148640499,241.54283563922095,214.86,26.68283563922094,12.418707827990756,0,156636000.0,5.444449177,13.67916542,0.7
combined_financing_relief,ITUVERAVA 4,2014-10-31,2014,10,6.6148640499,220.8240567634119,214.86,5.9640567634118895,2.775787379415382,0,156636000.0,4.444449177,11.67916542,0.7
opex_minus_10,ITUVERAVA 4,2014-10-31,2014,10,8.738335674,250.8866775981915,214.86,36.0266775981915,16.76751261202248,0,156636000.0,5.444449177,13.67916542,0.6
baseline,ITUVERAVA 5,2014-10-31,2014,10,8.738335674,255.1924696658801,214.87,40.32246966588011,18.76598392790064,0,156636000.0,5.444449177,13.67916542,0.6
capex_minus_10,ITUVERAVA 5,2014-10-31,2014,10,8.738335674,233.9790147669807,214.87,19.109014766980692,8.893291183962718,0,140972400.0,5.444449177,13.67916542,0.6
capex_minus_15,ITUVERAVA 5,2014-10-31,2014,10,8.738335674,223.372287317531,214.87,8.502287317531,3.956944811993764,0,133140600.0,5.444449177,13.67916542,0.6
coe_minus_200bps,ITUVERAVA 5,2014-10-31,2014,10,7.938335674200001,241.92647267128595,214.87,27.056472671285945,12.592019672958507,0,156636000.0,5.444449177,11.67916542,0.6
tech_premium_half,ITUVERAVA 5,2014-10-31,2014,10,7.4451678371600005,233.9353394141581,214.87,19.065339414158103,8.872964775984597,0,156636000.0,4.3722245886,12.05458271,0.6
cod_minus_100bps,ITUVERAVA 5,2014-10-31,2014,10,8.1383356742,245.2085600785554,214.87,30.33856007855539,14.11949554547186,0,156636000.0,4.444449177,13.67916542,0.6
cod_minus_200bps,ITUVERAVA 5,2014-10-31,2014,10,7.538335674200001,235.4336856369283,214.87,20.563685636928284,9.570291635374078,0,156636000.0,3.444449177,13.67916542,0.6
debt_share_plus_10pp,ITUVERAVA 5,2014-10-31,2014,10,7.9148640499,241.54283563922095,214.87,26.67283563922095,12.41347588738351,0,156636000.0,5.444449177,13.67916542,0.7
combined_financing_relief,ITUVERAVA 5,2014-10-31,2014,10,6.6148640499,220.8240567634119,214.87,5.954056763411899,2.771004218090891,0,156636000.0,4.444449177,11.67916542,0.7
opex_minus_10,ITUVERAVA 5,2014-10-31,2014,10,8.738335674,250.8866775981915,214.87,36.01667759819151,16.7620782790485,0,156636000.0,5.444449177,13.67916542,0.6
baseline,ITUVERAVA 6,2014-10-31,2014,10,8.738335674,255.1924696658801,214.88,40.312469665880116,18.760456843764015,0,156636000.0,5.444449177,13.67916542,0.6
capex_minus_10,ITUVERAVA 6,2014-10-31,2014,10,8.738335674,233.9790147669807,214.88,19.0990147669807,8.888223551275457,0,140972400.0,5.444449177,13.67916542,0.6
capex_minus_15,ITUVERAVA 6,2014-10-31,2014,10,8.738335674,223.372287317531,214.88,8.492287317531009,3.9521069050311843,0,133140600.0,5.444449177,13.67916542,0.6
coe_minus_200bps,ITUVERAVA 6,2014-10-31,2014,10,7.938335674200001,241.92647267128595,214.88,27.046472671285954,12.586779910315505,0,156636000.0,5.444449177,11.67916542,0.6
tech_premium_half,ITUVERAVA 6,2014-10-31,2014,10,7.4451678371600005,233.9353394141581,214.88,19.055339414158112,8.86789808923963,0,156636000.0,4.3722245886,12.05458271,0.6
cod_minus_100bps,ITUVERAVA 6,2014-10-31,2014,10,8.1383356742,245.2085600785554,214.88,30.328560078555398,14.114184697764054,0,156636000.0,4.444449177,13.67916542,0.6
cod_minus_200bps,ITUVERAVA 6,2014-10-31,2014,10,7.538335674200001,235.4336856369283,214.88,20.553685636928293,9.565192496708997,0,156636000.0,3.444449177,13.67916542,0.6
debt_share_plus_10pp,ITUVERAVA 6,2014-10-31,2014,10,7.9148640499,241.54283563922095,214.88,26.66283563922096,12.408244433740208,0,156636000.0,5.444449177,13.67916542,0.7
combined_financing_relief,ITUVERAVA 6,2014-10-31,2014,10,6.6148640499,220.8240567634119,214.88,5.944056763411908,2.766221501960121,0,156636000.0,4.444449177,11.67916542,0.7
opex_minus_10,ITUVERAVA 6,2014-10-31,2014,10,8.738335674,250.8866775981915,214.88,36.006677598191516,16.75664445187617,0,156636000.0,5.444449177,13.67916542,0.6
baseline,FRV MASSAPÊ,2014-10-31,2014,10,8.738335674,268.86872172913166,200.82,68.04872172913167,33.88543059910949,0,139490000.0,5.444449177,13.67916542,0.6
capex_minus_10,FRV MASSAPÊ,2014-10-31,2014,10,8.738335674,246.5183972481885,200.82,45.69839724818851,22.755899436405,0,125541000.0,5.444449177,13.67916542,0.6
capex_minus_15,FRV MASSAPÊ,2014-10-31,2014,10,8.738335674,235.34323500771694,200.82,34.52323500771695,17.191133855052758,0,118566500.0,5.444449177,13.67916542,0.6
coe_minus_200bps,FRV MASSAPÊ,2014-10-31,2014,10,7.938335674200001,254.89177460734163,200.82,54.07177460734164,26.925492783259457,0,139490000.0,5.444449177,11.67916542,0.6
tech_premium_half,FRV MASSAPÊ,2014-10-31,2014,10,7.4451678371600005,246.4723812497547,200.82,45.65238124975471,22.73298538479968,0,139490000.0,4.3722245886,12.05458271,0.6
cod_minus_100bps,FRV MASSAPÊ,2014-10-31,2014,10,8.1383356742,258.3497553500775,200.82,57.529755350077494,28.64742323975575,0,139490000.0,4.444449177,13.67916542,0.6
cod_minus_200bps,FRV MASSAPÊ,2014-10-31,2014,10,7.538335674200001,248.05102670959653,200.82,47.231026709596534,23.519085105864225,0,139490000.0,3.444449177,13.67916542,0.6
debt_share_plus_10pp,FRV MASSAPÊ,2014-10-31,2014,10,7.9148640499,254.48757773368635,200.82,53.66757773368636,26.72421956662004,0,139490000.0,5.444449177,13.67916542,0.7
combined_financing_relief,FRV MASSAPÊ,2014-10-31,2014,10,6.6148640499,232.6584399091227,200.82,31.838439909122712,15.854217662146555,0,139490000.0,4.444449177,11.67916542,0.7
opex_minus_10,FRV MASSAPÊ,2014-10-31,2014,10,8.738335674,264.3321740371617,200.82,63.512174037161685,31.62641870190304,0,139490000.0,5.444449177,13.67916542,0.6
baseline,ITUVERAVA 7,2014-10-31,2014,10,8.738335674,255.1924696658801,214.89,40.302469665880125,18.75493027403794,0,156636000.0,5.444449177,13.67916542,0.6
capex_minus_10,ITUVERAVA 7,2014-10-31,2014,10,8.738335674,233.9790147669807,214.89,19.08901476698071,8.883156390237197,0,140972400.0,5.444449177,13.67916542,0.6
capex_minus_15,ITUVERAVA 7,2014-10-31,2014,10,8.738335674,223.372287317531,214.89,8.482287317531018,3.947269448336832,0,133140600.0,5.444449177,13.67916542,0.6
coe_minus_200bps,ITUVERAVA 7,2014-10-31,2014,10,7.938335674200001,241.92647267128595,214.89,27.036472671285964,12.581540635341787,0,156636000.0,5.444449177,11.67916542,0.6
tech_premium_half,ITUVERAVA 7,2014-10-31,2014,10,7.4451678371600005,233.9353394141581,214.89,19.04533941415812,8.862831874055619,0,156636000.0,4.3722245886,12.05458271,0.6
cod_minus_100bps,ITUVERAVA 7,2014-10-31,2014,10,8.1383356742,245.2085600785554,214.89,30.318560078555407,14.108874344341482,0,156636000.0,4.444449177,13.67916542,0.6
cod_minus_200bps,ITUVERAVA 7,2014-10-31,2014,10,7.538335674200001,235.4336856369283,214.89,20.543685636928302,9.560093832625205,0,156636000.0,3.444449177,13.67916542,0.6
debt_share_plus_10pp,ITUVERAVA 7,2014-10-31,2014,10,7.9148640499,241.54283563922095,214.89,26.652835639220967,12.403013466992865,0,156636000.0,5.444449177,13.67916542,0.7
combined_financing_relief,ITUVERAVA 7,2014-10-31,2014,10,6.6148640499,220.8240567634119,214.89,5.934056763411917,2.761439230960918,0,156636000.0,4.444449177,11.67916542,0.7
opex_minus_10,ITUVERAVA 7,2014-10-31,2014,10,8.738335674,250.8866775981915,214.89,35.996677598191525,16.751211130434886,0,156636000.0,5.444449177,13.67916542,0.6
baseline,FCR III ITAPURANGA,2014-10-31,2014,10,8.738335674,402.2729342345822,220.0,182.27293423458218,82.8513337429919,0,52910000.0,5.444449177,13.67916542,0.6
capex_minus_10,FCR III ITAPURANGA,2014-10-31,2014,10,8.738335674,368.83308094029746,220.0,148.83308094029746,67.65140042740794,0,47619000.0,5.444449177,13.67916542,0.6
capex_minus_15,FCR III ITAPURANGA,2014-10-31,2014,10,8.738335674,352.1131542931551,220.0,132.1131542931551,60.05143376961596,0,44973500.0,5.444449177,13.67916542,0.6
coe_minus_200bps,FCR III ITAPURANGA,2014-10-31,2014,10,7.938335674200001,381.36106507343646,220.0,161.36106507343646,73.34593866974384,0,52910000.0,5.444449177,11.67916542,0.6
tech_premium_half,FCR III ITAPURANGA,2014-10-31,2014,10,7.4451678371600005,368.76423324915413,220.0,148.76423324915413,67.62010602234278,0,52910000.0,4.3722245886,12.05458271,0.6
cod_minus_100bps,FCR III ITAPURANGA,2014-10-31,2014,10,8.1383356742,386.5347872191773,220.0,166.5347872191773,75.6976305541715,0,52910000.0,4.444449177,13.67916542,0.6
cod_minus_200bps,FCR III ITAPURANGA,2014-10-31,2014,10,7.538335674200001,371.1261529888795,220.0,151.12615298887948,68.69370590403612,0,52910000.0,3.444449177,13.67916542,0.6
debt_share_plus_10pp,FCR III ITAPURANGA,2014-10-31,2014,10,7.9148640499,380.7563184099792,220.0,160.7563184099792,73.07105382271783,0,52910000.0,5.444449177,13.67916542,0.7
combined_financing_relief,FCR III ITAPURANGA,2014-10-31,2014,10,6.6148640499,348.0962482165227,220.0,128.09624821652272,58.22556737114669,0,52910000.0,4.444449177,11.67916542,0.7
opex_minus_10,FCR III ITAPURANGA,2014-10-31,2014,10,8.738335674,395.4854941054087,220.0,175.4854941054087,79.76613368427667,0,52910000.0,5.444449177,13.67916542,0.6
baseline,INHARÉ I,2014-10-31,2014,10,8.738335674,236.878997963539,218.7,18.178997963539018,8.312299023108833,0,133279000.0,5.444449177,13.67916542,0.6
capex_minus_10,INHARÉ I,2014-10-31,2014,10,8.738335674,217.18789208421893,218.7,-1.5121079157810584,-0.6914073688985178,1,119951100.0,5.444449177,13.67916542,0.6
capex_minus_15,INHARÉ I,2014-10-31,2014,10,8.738335674,207.3423391445589,218.7,-11.357660855441083,-5.193260564902187,1,113287150.0,5.444449177,13.67916542,0.6
coe_minus_200bps,INHARÉ I,2014-10-31,2014,10,7.938335674200001,224.5650136238713,218.7,5.865013623871306,2.6817620593833134,0,133279000.0,5.444449177,11.67916542,0.6
tech_premium_half,INHARÉ I,2014-10-31,2014,10,7.4451678371600005,217.1473510219147,218.7,-1.5526489780853012,-0.7099446630476915,1,133279000.0,4.3722245886,12.05458271,0.6
cod_minus_100bps,INHARÉ I,2014-10-31,2014,10,8.1383356742,227.6115673771253,218.7,8.911567377125323,4.0747907531437235,0,133279000.0,4.444449177,13.67916542,0.6
cod_minus_200bps,INHARÉ I,2014-10-31,2014,10,7.538335674200001,218.53817086983952,218.7,-0.16182913016046996,-0.07399594428919523,1,133279000.0,3.444449177,13.67916542,0.6
debt_share_plus_10pp,INHARÉ I,2014-10-31,2014,10,7.9148640499,224.20890767820507,218.7,5.508907678205077,2.5189335519913474,0,133279000.0,5.444449177,13.67916542,0.7
combined_financing_relief,INHARÉ I,2014-10-31,2014,10,6.6148640499,204.9769782033442,218.7,-13.723021796655786,-6.274815636330949,1,133279000.0,4.444449177,11.67916542,0.7
opex_minus_10,INHARÉ I,2014-10-31,2014,10,8.738335674,232.88220404650514,218.7,14.182204046505149,6.484775512805281,0,133279000.0,5.444449177,13.67916542,0.6
baseline,GUAIMBE 3,2014-10-31,2014,10,8.738335674,296.4801099224858,220.8,75.68010992248577,34.275412102575075,0,127818000.0,5.444449177,13.67916542,0.6
capex_minus_10,GUAIMBE 3,2014-10-31,2014,10,8.738335674,271.8345259501375,220.8,51.03452595013749,23.113462839736183,0,115036200.0,5.444449177,13.67916542,0.6
capex_minus_15,GUAIMBE 3,2014-10-31,2014,10,8.738335674,259.51173396396337,220.8,38.711733963963354,17.532488208316735,0,108645300.0,5.444449177,13.67916542,0.6
coe_minus_200bps,GUAIMBE 3,2014-10-31,2014,10,7.938335674200001,281.06780464428465,220.8,60.26780464428464,27.295201378752097,0,127818000.0,5.444449177,11.67916542,0.6
tech_premium_half,GUAIMBE 3,2014-10-31,2014,10,7.4451678371600005,271.7837843533236,220.8,50.983784353323585,23.09048204407771,0,127818000.0,4.3722245886,12.05458271,0.6
cod_minus_100bps,GUAIMBE 3,2014-10-31,2014,10,8.1383356742,284.8809016238173,220.8,64.08090162381728,29.022147474554927,0,127818000.0,4.444449177,13.67916542,0.6
cod_minus_200bps,GUAIMBE 3,2014-10-31,2014,10,7.538335674200001,273.52454830850803,220.8,52.72454830850802,23.878871516534428,0,127818000.0,3.444449177,13.67916542,0.6
debt_share_plus_10pp,GUAIMBE 3,2014-10-31,2014,10,7.9148640499,280.62209890074956,220.8,59.82209890074955,27.093341893455413,0,127818000.0,5.444449177,13.67916542,0.7
combined_financing_relief,GUAIMBE 3,2014-10-31,2014,10,6.6148640499,256.55122468333207,220.8,35.751224683332055,16.19167784571198,0,127818000.0,4.444449177,11.67916542,0.7
opex_minus_10,GUAIMBE 3,2014-10-31,2014,10,8.738335674,291.47768290258546,220.8,70.67768290258545,32.00982015515645,0,127818000.0,5.444449177,13.67916542,0.6
baseline,GUAIMBE 2,2014-10-31,2014,10,8.738335674,296.4801099224858,215.95,80.53010992248579,37.29109049432081,0,127818000.0,5.444449177,13.67916542,0.6
capex_minus_10,GUAIMBE 2,2014-10-31,2014,10,8.738335674,271.8345259501375,215.95,55.884525950137515,25.878456101012976,0,115036200.0,5.444449177,13.67916542,0.6
capex_minus_15,GUAIMBE 2,2014-10-31,2014,10,8.738335674,259.51173396396337,215.95,43.56173396396338,20.172138904359056,0,108645300.0,5.444449177,13.67916542,0.6
coe_minus_200bps,GUAIMBE 2,2014-10-31,2014,10,7.938335674200001,281.06780464428465,215.95,65.11780464428466,30.154111898256385,0,127818000.0,5.444449177,11.67916542,0.6
tech_premium_half,GUAIMBE 2,2014-10-31,2014,10,7.4451678371600005,271.7837843533236,215.95,55.83378435332361,25.854959181904892,0,127818000.0,4.3722245886,12.05458271,0.6
cod_minus_100bps,GUAIMBE 2,2014-10-31,2014,10,8.1383356742,284.8809016238173,215.95,68.9309016238173,31.91984330808859,0,127818000.0,4.444449177,13.67916542,0.6
cod_minus_200bps,GUAIMBE 2,2014-10-31,2014,10,7.538335674200001,273.52454830850803,215.95,57.57454830850804,26.66105501667425,0,127818000.0,3.444449177,13.67916542,0.6
debt_share_plus_10pp,GUAIMBE 2,2014-10-31,2014,10,7.9148640499,280.62209890074956,215.95,64.67209890074957,29.94771887045593,0,127818000.0,5.444449177,13.67916542,0.7
combined_financing_relief,GUAIMBE 2,2014-10-31,2014,10,6.6148640499,256.55122468333207,215.95,40.60122468333208,18.80121541251775,0,127818000.0,4.444449177,11.67916542,0.7
opex_minus_10,GUAIMBE 2,2014-10-31,2014,10,8.738335674,291.47768290258546,215.95,75.52768290258547,34.97461583819656,0,127818000.0,5.444449177,13.67916542,0.6
baseline,GUAIMBE 1,2014-10-31,2014,10,8.738335674,296.4801099224858,215.95,80.53010992248579,37.29109049432081,0,127818000.0,5.444449177,13.67916542,0.6
capex_minus_10,GUAIMBE 1,2014-10-31,2014,10,8.738335674,271.8345259501375,215.95,55.884525950137515,25.878456101012976,0,115036200.0,5.444449177,13.67916542,0.6
capex_minus_15,GUAIMBE 1,2014-10-31,2014,10,8.738335674,259.51173396396337,215.95,43.56173396396338,20.172138904359056,0,108645300.0,5.444449177,13.67916542,0.6
coe_minus_200bps,GUAIMBE 1,2014-10-31,2014,10,7.938335674200001,281.06780464428465,215.95,65.11780464428466,30.154111898256385,0,127818000.0,5.444449177,11.67916542,0.6
tech_premium_half,GUAIMBE 1,2014-10-31,2014,10,7.4451678371600005,271.7837843533236,215.95,55.83378435332361,25.854959181904892,0,127818000.0,4.3722245886,12.05458271,0.6
cod_minus_100bps,GUAIMBE 1,2014-10-31,2014,10,8.1383356742,284.8809016238173,215.95,68.9309016238173,31.91984330808859,0,127818000.0,4.444449177,13.67916542,0.6
cod_minus_200bps,GUAIMBE 1,2014-10-31,2014,10,7.538335674200001,273.52454830850803,215.95,57.57454830850804,26.66105501667425,0,127818000.0,3.444449177,13.67916542,0.6
debt_share_plus_10pp,GUAIMBE 1,2014-10-31,2014,10,7.9148640499,280.62209890074956,215.95,64.67209890074957,29.94771887045593,0,127818000.0,5.444449177,13.67916542,0.7
combined_financing_relief,GUAIMBE 1,2014-10-31,2014,10,6.6148640499,256.55122468333207,215.95,40.60122468333208,18.80121541251775,0,127818000.0,4.444449177,11.67916542,0.7
opex_minus_10,GUAIMBE 1,2014-10-31,2014,10,8.738335674,291.47768290258546,215.95,75.52768290258547,34.97461583819656,0,127818000.0,5.444449177,13.67916542,0.6
baseline,GUAIMBE 5,2014-10-31,2014,10,8.738335674,295.06054595440173,220.8,74.26054595440172,33.63249363876889,0,127206000.0,5.444449177,13.67916542,0.6
capex_minus_10,GUAIMBE 5,2014-10-31,2014,10,8.738335674,270.5329664680498,220.8,49.73296646804977,22.52398843661674,0,114485400.0,5.444449177,13.67916542,0.6
capex_minus_15,GUAIMBE 5,2014-10-31,2014,10,8.738335674,258.2691767248738,220.8,37.46917672487376,16.969735835540654,0,108125100.0,5.444449177,13.67916542,0.6
coe_minus_200bps,GUAIMBE 5,2014-10-31,2014,10,7.938335674200001,279.72203568809454,220.8,58.922035688094525,26.685704568883388,0,127206000.0,5.444449177,11.67916542,0.6
tech_premium_half,GUAIMBE 5,2014-10-31,2014,10,7.4451678371600005,270.48246782494545,220.8,49.682467824945434,22.501117674341227,0,127206000.0,4.3722245886,12.05458271,0.6
cod_minus_100bps,GUAIMBE 5,2014-10-31,2014,10,8.1383356742,283.51687533805335,220.8,62.71687533805334,28.40438194658213,0,127206000.0,4.444449177,13.67916542,0.6
cod_minus_200bps,GUAIMBE 5,2014-10-31,2014,10,7.538335674200001,272.21489690131335,220.8,51.41489690131334,23.28573229226148,0,127206000.0,3.444449177,13.67916542,0.6
debt_share_plus_10pp,GUAIMBE 5,2014-10-31,2014,10,7.9148640499,279.27846400951944,220.8,58.47846400951943,26.48481159851423,0,127206000.0,5.444449177,13.67916542,0.7
combined_financing_relief,GUAIMBE 5,2014-10-31,2014,10,6.6148640499,255.32284253444695,220.8,34.52284253444694,15.635345350745894,0,127206000.0,4.444449177,11.67916542,0.7
opex_minus_10,GUAIMBE 5,2014-10-31,2014,10,8.738335674,290.0820708453135,220.8,69.28207084531351,31.37774947704416,0,127206000.0,5.444449177,13.67916542,0.6
baseline,FRV BANABUIÚ,2014-10-31,2014,10,8.738335674,262.5522895979882,200.84,61.71228959798819,30.727091016723858,0,140050000.0,5.444449177,13.67916542,0.6
capex_minus_10,FRV BANABUIÚ,2014-10-31,2014,10,8.738335674,240.7270329151325,200.84,39.887032915132494,19.860104020679394,0,126045000.0,5.444449177,13.67916542,0.6
capex_minus_15,FRV BANABUIÚ,2014-10-31,2014,10,8.738335674,229.81440457370465,200.84,28.974404573704646,14.426610522657162,0,119042500.0,5.444449177,13.67916542,0.6
coe_minus_200bps,FRV BANABUIÚ,2014-10-31,2014,10,7.938335674200001,248.90369765759533,200.84,48.06369765759533,23.93133721250514,0,140050000.0,5.444449177,11.67916542,0.6
tech_premium_half,FRV BANABUIÚ,2014-10-31,2014,10,7.4451678371600005,240.68209795330714,200.84,39.84209795330713,19.83773050851779,0,140050000.0,4.3722245886,12.05458271,0.6
cod_minus_100bps,FRV BANABUIÚ,2014-10-31,2014,10,8.1383356742,252.28044135449028,200.84,51.440441354490275,25.61264755750362,0,140050000.0,4.444449177,13.67916542,0.6
cod_minus_200bps,FRV BANABUIÚ,2014-10-31,2014,10,7.538335674200001,242.22365688689914,200.84,41.38365688689913,20.605286241236374,0,140050000.0,3.444449177,13.67916542,0.6
debt_share_plus_10pp,FRV BANABUIÚ,2014-10-31,2014,10,7.9148640499,248.50899642963552,200.84,47.66899642963551,23.734812004399277,0,140050000.0,5.444449177,13.67916542,0.7
combined_financing_relief,FRV BANABUIÚ,2014-10-31,2014,10,6.6148640499,227.19268236033588,200.84,26.352682360335876,13.121232005743813,0,140050000.0,4.444449177,11.67916542,0.7
opex_minus_10,FRV BANABUIÚ,2014-10-31,2014,10,8.738335674,258.1223173210451,200.84,57.2823173210451,28.521368911095944,0,140050000.0,5.444449177,13.67916542,0.6
baseline,GUAIMBE 4,2014-10-31,2014,10,8.738335674,295.8190384667604,220.8,75.01903846676038,33.976013798351616,0,127533000.0,5.444449177,13.67916542,0.6
capex_minus_10,GUAIMBE 4,2014-10-31,2014,10,8.738335674,271.22840756387114,220.8,50.42840756387113,22.838952701028592,0,114779700.0,5.444449177,13.67916542,0.6
capex_minus_15,GUAIMBE 4,2014-10-31,2014,10,8.738335674,258.93309211242655,220.8,38.13309211242654,17.27042215236709,0,108403050.0,5.444449177,13.67916542,0.6
coe_minus_200bps,GUAIMBE 4,2014-10-31,2014,10,7.938335674200001,280.44109851272555,220.8,59.641098512725534,27.011367080038738,0,127533000.0,5.444449177,11.67916542,0.6
tech_premium_half,GUAIMBE 4,2014-10-31,2014,10,7.4451678371600005,271.17777910726517,220.8,50.377779107265155,22.81602314640632,0,127533000.0,4.3722245886,12.05458271,0.6
cod_minus_100bps,GUAIMBE 4,2014-10-31,2014,10,8.1383356742,284.24569330446644,220.8,63.44569330446643,28.734462547312695,0,127533000.0,4.444449177,13.67916542,0.6
cod_minus_200bps,GUAIMBE 4,2014-10-31,2014,10,7.538335674200001,272.91466162378504,220.8,52.114661623785025,23.60265472091713,0,127533000.0,3.444449177,13.67916542,0.6
debt_share_plus_10pp,GUAIMBE 4,2014-10-31,2014,10,7.9148640499,279.9963865739512,220.8,59.1963865739512,26.809957687477898,0,127533000.0,5.444449177,13.67916542,0.7
combined_financing_relief,GUAIMBE 4,2014-10-31,2014,10,6.6148640499,255.97918397674343,220.8,35.17918397674342,15.932601438742488,0,127533000.0,4.444449177,11.67916542,0.7
opex_minus_10,GUAIMBE 4,2014-10-31,2014,10,8.738335674,290.82776552297355,220.8,70.02776552297354,31.715473515839467,0,127533000.0,5.444449177,13.67916542,0.6
baseline,NOVA OLINDA 12,2015-08-28,2015,8,10.12019036,353.79712358746536,302.83,50.96712358746538,16.830275596032553,0,208147450.0,6.434328691,15.64898287,0.6
capex_minus_10,NOVA OLINDA 12,2015-08-28,2015,8,10.12019036,323.7750224908214,302.83,20.94502249082143,6.91642918166015,0,187332705.0,6.434328691,15.64898287,0.6
capex_minus_15,NOVA OLINDA 12,2015-08-28,2015,8,10.12019036,308.76397194249944,302.83,5.933971942499454,1.9595059744739474,0,176925332.5,6.434328691,15.64898287,0.6
coe_minus_200bps,NOVA OLINDA 12,2015-08-28,2015,8,9.3201903626,336.22160590086855,302.83,33.39160590086857,11.026518475999264,0,208147450.0,6.434328691,13.64898287,0.6
tech_premium_half,NOVA OLINDA 12,2015-08-28,2015,8,8.82709518027,325.59602287302357,302.83,22.766022873023587,7.51775678533289,0,208147450.0,5.362164345449999,14.0244914325,0.6
cod_minus_100bps,NOVA OLINDA 12,2015-08-28,2015,8,9.520190362600001,340.5773598987573,302.83,37.74735989875734,12.464868044367249,0,208147450.0,5.434328691,15.64898287,0.6
cod_minus_200bps,NOVA OLINDA 12,2015-08-28,2015,8,8.9201903626,327.58950158811814,302.83,24.759501588118155,8.176039886443931,0,208147450.0,4.434328691,15.64898287,0.6
debt_share_plus_10pp,NOVA OLINDA 12,2015-08-28,2015,8,9.1987249447,333.5890371173495,302.83,30.75903711734952,10.157196155384051,0,208147450.0,6.434328691,15.64898287,0.7
combined_financing_relief,NOVA OLINDA 12,2015-08-28,2015,8,7.8987249447000005,306.05260011188636,302.83,3.222600111886379,1.0641614476393948,0,208147450.0,5.434328691,13.64898287,0.7
opex_minus_10,NOVA OLINDA 12,2015-08-28,2015,8,10.12019036,348.4395123253628,302.83,45.6095123253628,15.061094450801704,0,208147450.0,6.434328691,15.64898287,0.6
baseline,SÃO PEDRO II,2015-08-28,2015,8,10.12019036,228.52429658823075,305.51,-76.98570341176924,-25.19907807003674,1,122224000.0,6.434328691,15.64898287,0.6
capex_minus_10,SÃO PEDRO II,2015-08-28,2015,8,10.12019036,209.13245002523018,305.51,-96.3775499747698,-31.54644691655586,1,110001600.0,6.434328691,15.64898287,0.6
capex_minus_15,SÃO PEDRO II,2015-08-28,2015,8,10.12019036,199.4365267437299,305.51,-106.07347325627009,-34.720131339815424,1,103890400.0,6.434328691,15.64898287,0.6
coe_minus_200bps,SÃO PEDRO II,2015-08-28,2015,8,9.3201903626,217.1719351680641,305.51,-88.3380648319359,-28.91495035577752,1,122224000.0,6.434328691,13.64898287,0.6
tech_premium_half,SÃO PEDRO II,2015-08-28,2015,8,8.82709518027,210.30866883457594,305.51,-95.20133116542405,-31.16144517869269,1,122224000.0,5.362164345449999,14.0244914325,0.6
cod_minus_100bps,SÃO PEDRO II,2015-08-28,2015,8,9.520190362600001,219.9853995861889,305.51,-85.5246004138111,-27.99404288364083,1,122224000.0,5.434328691,15.64898287,0.6
cod_minus_200bps,SÃO PEDRO II,2015-08-28,2015,8,8.9201903626,211.5962946821157,305.51,-93.91370531788428,-30.73997751886494,1,122224000.0,4.434328691,15.64898287,0.6
debt_share_plus_10pp,SÃO PEDRO II,2015-08-28,2015,8,9.1987249447,215.4715088803797,305.51,-90.03849111962029,-29.47153648640643,1,122224000.0,6.434328691,15.64898287,0.7
combined_financing_relief,SÃO PEDRO II,2015-08-28,2015,8,7.8987249447000005,197.68520006810127,305.51,-107.82479993189872,-35.29337826319882,1,122224000.0,5.434328691,13.64898287,0.7
opex_minus_10,SÃO PEDRO II,2015-08-28,2015,8,10.12019036,225.06371349240825,305.51,-80.44628650759174,-26.33180141651394,1,122224000.0,6.434328691,15.64898287,0.6
baseline,VERDE VALE III,2015-08-28,2015,8,10.12019036,268.24881033869667,302.92,-34.671189661303345,-11.445658808036228,1,66355000.0,6.434328691,15.64898287,0.6
capex_minus_10,VERDE VALE III,2015-08-28,2015,8,10.12019036,245.48606760868208,302.92,-57.43393239131794,-18.96009916523106,1,59719500.0,6.434328691,15.64898287,0.6
capex_minus_15,VERDE VALE III,2015-08-28,2015,8,10.12019036,234.1046962436748,302.92,-68.81530375632522,-22.717319343828475,1,56401750.0,6.434328691,15.64898287,0.6
coe_minus_200bps,VERDE VALE III,2015-08-28,2015,8,9.3201903626,254.92306121285327,302.92,-47.996938787146746,-15.8447572914125,1,66355000.0,6.434328691,13.64898287,0.6
tech_premium_half,VERDE VALE III,2015-08-28,2015,8,8.82709518027,246.86674922991696,302.92,-56.053250770083054,-18.504308322356742,1,66355000.0,5.362164345449999,14.0244914325,0.6
cod_minus_100bps,VERDE VALE III,2015-08-28,2015,8,9.520190362600001,258.2255918162057,302.92,-44.69440818379434,-14.754525347878758,1,66355000.0,5.434328691,15.64898287,0.6
cod_minus_200bps,VERDE VALE III,2015-08-28,2015,8,8.9201903626,248.3782038407423,302.92,-54.54179615925773,-18.00534667874611,1,66355000.0,4.434328691,15.64898287,0.6
debt_share_plus_10pp,VERDE VALE III,2015-08-28,2015,8,9.1987249447,252.92704881701653,302.92,-49.99295118298349,-16.5036812303524,1,66355000.0,6.434328691,15.64898287,0.7
combined_financing_relief,VERDE VALE III,2015-08-28,2015,8,7.8987249447000005,232.04893541532704,302.92,-70.87106458467298,-23.395967445092094,1,66355000.0,5.434328691,13.64898287,0.7
opex_minus_10,VERDE VALE III,2015-08-28,2015,8,10.12019036,264.1866720348416,302.92,-38.73332796515842,-12.786652570037774,1,66355000.0,6.434328691,15.64898287,0.6
baseline,BJL 11,2015-08-28,2015,8,10.12019036,237.77116922541117,303.5,-65.72883077458883,-21.65694588948561,1,79481000.0,6.434328691,15.64898287,0.6
capex_minus_10,BJL 11,2015-08-28,2015,8,10.12019036,217.59466239632562,303.5,-85.90533760367438,-28.304888831523684,1,71532900.0,6.434328691,15.64898287,0.6
capex_minus_15,BJL 11,2015-08-28,2015,8,10.12019036,207.50640898178284,303.5,-95.99359101821716,-31.628860302542723,1,67558850.0,6.434328691,15.64898287,0.6
coe_minus_200bps,BJL 11,2015-08-28,2015,8,9.3201903626,225.95945253427024,303.5,-77.54054746572976,-25.54878005460618,1,79481000.0,6.434328691,13.64898287,0.6
tech_premium_half,BJL 11,2015-08-28,2015,8,8.82709518027,218.818475031299,303.5,-84.68152496870101,-27.9016556733776,1,79481000.0,5.362164345449999,14.0244914325,0.6
cod_minus_100bps,BJL 11,2015-08-28,2015,8,9.520190362600001,228.886759320721,303.5,-74.61324067927899,-24.58426381524843,1,79481000.0,5.434328691,15.64898287,0.6
cod_minus_200bps,BJL 11,2015-08-28,2015,8,8.9201903626,220.15820261329014,303.5,-83.34179738670986,-27.460229781453,1,79481000.0,4.434328691,15.64898287,0.6
debt_share_plus_10pp,BJL 11,2015-08-28,2015,8,9.1987249447,224.19022119808176,303.5,-79.30977880191824,-26.131722834239945,1,79481000.0,6.434328691,15.64898287,0.7
combined_financing_relief,BJL 11,2015-08-28,2015,8,7.8987249447000005,205.68421765431023,303.5,-97.81578234568977,-32.22925283218773,1,79481000.0,5.434328691,13.64898287,0.7
opex_minus_10,BJL 11,2015-08-28,2015,8,10.12019036,234.17055913195566,303.5,-69.32944086804434,-22.84330835849896,1,79481000.0,6.434328691,15.64898287,0.6
baseline,HORIZONTE MP 11,2015-08-28,2015,8,10.12019036,276.5228880975629,301.83,-25.3071119024371,-8.384558162686645,1,112770380.0,6.434328691,15.64898287,0.6
capex_minus_10,HORIZONTE MP 11,2015-08-28,2015,8,10.12019036,253.05803339583528,301.83,-48.7719666041647,-16.158753803188784,1,101493342.0,6.434328691,15.64898287,0.6
capex_minus_15,HORIZONTE MP 11,2015-08-28,2015,8,10.12019036,241.3256060449715,301.83,-60.50439395502849,-20.045851623439848,1,95854823.0,6.434328691,15.64898287,0.6
coe_minus_200bps,HORIZONTE MP 11,2015-08-28,2015,8,9.3201903626,262.78610906729295,301.83,-39.04389093270703,-12.935722404236502,1,112770380.0,6.434328691,13.64898287,0.6
tech_premium_half,HORIZONTE MP 11,2015-08-28,2015,8,8.82709518027,254.48130185061171,301.83,-47.34869814938827,-15.687207417880353,1,112770380.0,5.362164345449999,14.0244914325,0.6
cod_minus_100bps,HORIZONTE MP 11,2015-08-28,2015,8,9.520190362600001,266.19050552639163,301.83,-35.63949447360835,-11.8078038874891,1,112770380.0,5.434328691,15.64898287,0.6
cod_minus_200bps,HORIZONTE MP 11,2015-08-28,2015,8,8.9201903626,256.0393769582087,301.83,-45.790623041791264,-15.170997926578295,1,112770380.0,4.434328691,15.64898287,0.6
debt_share_plus_10pp,HORIZONTE MP 11,2015-08-28,2015,8,9.1987249447,260.7285300926128,301.83,-41.101469907387184,-13.61742368465268,1,112770380.0,6.434328691,15.64898287,0.7
combined_financing_relief,HORIZONTE MP 11,2015-08-28,2015,8,7.8987249447000005,239.20643571300337,301.83,-62.62356428699661,-20.747958879831895,1,112770380.0,5.434328691,13.64898287,0.7
opex_minus_10,HORIZONTE MP 11,2015-08-28,2015,8,10.12019036,272.33545398953424,301.83,-29.49454601046574,-9.771906705915827,1,112770380.0,6.434328691,15.64898287,0.6
baseline,MALTA,2015-08-28,2015,8,10.12019036,270.708238709213,296.0,-25.291761290787008,-8.544513949590206,1,121258000.0,6.434328691,15.64898287,0.6
capex_minus_10,MALTA,2015-08-28,2015,8,10.12019036,247.7367966929266,296.0,-48.26320330707341,-16.305136252389666,1,109132200.0,6.434328691,15.64898287,0.6
capex_minus_15,MALTA,2015-08-28,2015,8,10.12019036,236.25107568478336,296.0,-59.74892431521664,-20.185447403789407,1,103069300.0,6.434328691,15.64898287,0.6
coe_minus_200bps,MALTA,2015-08-28,2015,8,9.3201903626,257.26031299135735,296.0,-38.73968700864265,-13.087732097514406,1,121258000.0,6.434328691,13.64898287,0.6
tech_premium_half,MALTA,2015-08-28,2015,8,8.82709518027,249.13013703777565,296.0,-46.869862962224346,-15.83441316291363,1,121258000.0,5.362164345449999,14.0244914325,0.6
cod_minus_100bps,MALTA,2015-08-28,2015,8,9.520190362600001,260.5931227130035,296.0,-35.40687728699652,-11.961782867228553,1,121258000.0,5.434328691,15.64898287,0.6
cod_minus_200bps,MALTA,2015-08-28,2015,8,8.9201903626,250.6554493590821,296.0,-45.3445506409179,-15.319104946256049,1,121258000.0,4.434328691,15.64898287,0.6
debt_share_plus_10pp,MALTA,2015-08-28,2015,8,9.1987249447,255.24600023658135,296.0,-40.75399976341865,-13.768243163317113,1,121258000.0,6.434328691,15.64898287,0.7
combined_financing_relief,MALTA,2015-08-28,2015,8,7.8987249447000005,234.1764666964089,296.0,-61.82353330359109,-20.886328818780775,1,121258000.0,5.434328691,13.64898287,0.7
opex_minus_10,MALTA,2015-08-28,2015,8,10.12019036,266.60885685457816,296.0,-29.391143145421836,-9.929440251831702,1,121258000.0,6.434328691,15.64898287,0.6
baseline,COREMAS II,2015-08-28,2015,8,10.12019036,310.0847143337081,301.88,8.204714333708125,2.717872775178258,0,143042000.0,6.434328691,15.64898287,0.6
capex_minus_10,COREMAS II,2015-08-28,2015,8,10.12019036,283.7719095612426,301.88,-18.108090438757415,-5.998439922736655,1,128737800.0,6.434328691,15.64898287,0.6
capex_minus_15,COREMAS II,2015-08-28,2015,8,10.12019036,270.61550717500984,301.88,-31.264492824990157,-10.356596271694103,1,121585700.0,6.434328691,15.64898287,0.6
coe_minus_200bps,COREMAS II,2015-08-28,2015,8,9.3201903626,294.68069033914674,301.88,-7.19930966085326,-2.384824983719776,1,143042000.0,6.434328691,13.64898287,0.6
tech_premium_half,COREMAS II,2015-08-28,2015,8,8.82709518027,285.36792135926635,301.88,-16.512078640733648,-5.469749119098201,1,143042000.0,5.362164345449999,14.0244914325,0.6
cod_minus_100bps,COREMAS II,2015-08-28,2015,8,9.520190362600001,298.4982813936078,301.88,-3.3817186063922122,-1.1202194933060197,1,143042000.0,5.434328691,15.64898287,0.6
cod_minus_200bps,COREMAS II,2015-08-28,2015,8,8.9201903626,287.1151014143589,301.88,-14.764898585641106,-4.890982703604448,1,143042000.0,4.434328691,15.64898287,0.6
debt_share_plus_10pp,COREMAS II,2015-08-28,2015,8,9.1987249447,292.3733811928802,301.88,-9.506618807119821,-3.149138335470989,1,143042000.0,6.434328691,15.64898287,0.7
combined_financing_relief,COREMAS II,2015-08-28,2015,8,7.8987249447000005,268.2391312708938,301.88,-33.64086872910622,-11.143788501757724,1,143042000.0,5.434328691,13.64898287,0.7
opex_minus_10,COREMAS II,2015-08-28,2015,8,10.12019036,305.38904767280286,301.88,3.509047672802865,1.1623981955753493,0,143042000.0,6.434328691,15.64898287,0.6
baseline,ANGICO 1,2015-08-28,2015,8,10.12019036,270.708238709213,296.0,-25.291761290787008,-8.544513949590206,1,121258000.0,6.434328691,15.64898287,0.6
capex_minus_10,ANGICO 1,2015-08-28,2015,8,10.12019036,247.7367966929266,296.0,-48.26320330707341,-16.305136252389666,1,109132200.0,6.434328691,15.64898287,0.6
capex_minus_15,ANGICO 1,2015-08-28,2015,8,10.12019036,236.25107568478336,296.0,-59.74892431521664,-20.185447403789407,1,103069300.0,6.434328691,15.64898287,0.6
coe_minus_200bps,ANGICO 1,2015-08-28,2015,8,9.3201903626,257.26031299135735,296.0,-38.73968700864265,-13.087732097514406,1,121258000.0,6.434328691,13.64898287,0.6
tech_premium_half,ANGICO 1,2015-08-28,2015,8,8.82709518027,249.13013703777565,296.0,-46.869862962224346,-15.83441316291363,1,121258000.0,5.362164345449999,14.0244914325,0.6
cod_minus_100bps,ANGICO 1,2015-08-28,2015,8,9.520190362600001,260.5931227130035,296.0,-35.40687728699652,-11.961782867228553,1,121258000.0,5.434328691,15.64898287,0.6
cod_minus_200bps,ANGICO 1,2015-08-28,2015,8,8.9201903626,250.6554493590821,296.0,-45.3445506409179,-15.319104946256049,1,121258000.0,4.434328691,15.64898287,0.6
debt_share_plus_10pp,ANGICO 1,2015-08-28,2015,8,9.1987249447,255.24600023658135,296.0,-40.75399976341865,-13.768243163317113,1,121258000.0,6.434328691,15.64898287,0.7
combined_financing_relief,ANGICO 1,2015-08-28,2015,8,7.8987249447000005,234.1764666964089,296.0,-61.82353330359109,-20.886328818780775,1,121258000.0,5.434328691,13.64898287,0.7
opex_minus_10,ANGICO 1,2015-08-28,2015,8,10.12019036,266.60885685457816,296.0,-29.391143145421836,-9.929440251831702,1,121258000.0,6.434328691,15.64898287,0.6
baseline,SÃO PEDRO IV,2015-08-28,2015,8,10.12019036,228.52429658823075,305.51,-76.98570341176924,-25.19907807003674,1,122224000.0,6.434328691,15.64898287,0.6
capex_minus_10,SÃO PEDRO IV,2015-08-28,2015,8,10.12019036,209.13245002523018,305.51,-96.3775499747698,-31.54644691655586,1,110001600.0,6.434328691,15.64898287,0.6
capex_minus_15,SÃO PEDRO IV,2015-08-28,2015,8,10.12019036,199.4365267437299,305.51,-106.07347325627009,-34.720131339815424,1,103890400.0,6.434328691,15.64898287,0.6
coe_minus_200bps,SÃO PEDRO IV,2015-08-28,2015,8,9.3201903626,217.1719351680641,305.51,-88.3380648319359,-28.91495035577752,1,122224000.0,6.434328691,13.64898287,0.6
tech_premium_half,SÃO PEDRO IV,2015-08-28,2015,8,8.82709518027,210.30866883457594,305.51,-95.20133116542405,-31.16144517869269,1,122224000.0,5.362164345449999,14.0244914325,0.6
cod_minus_100bps,SÃO PEDRO IV,2015-08-28,2015,8,9.520190362600001,219.9853995861889,305.51,-85.5246004138111,-27.99404288364083,1,122224000.0,5.434328691,15.64898287,0.6
cod_minus_200bps,SÃO PEDRO IV,2015-08-28,2015,8,8.9201903626,211.5962946821157,305.51,-93.91370531788428,-30.73997751886494,1,122224000.0,4.434328691,15.64898287,0.6
debt_share_plus_10pp,SÃO PEDRO IV,2015-08-28,2015,8,9.1987249447,215.4715088803797,305.51,-90.03849111962029,-29.47153648640643,1,122224000.0,6.434328691,15.64898287,0.7
combined_financing_relief,SÃO PEDRO IV,2015-08-28,2015,8,7.8987249447000005,197.68520006810127,305.51,-107.82479993189872,-35.29337826319882,1,122224000.0,5.434328691,13.64898287,0.7
opex_minus_10,SÃO PEDRO IV,2015-08-28,2015,8,10.12019036,225.06371349240825,305.51,-80.44628650759174,-26.33180141651394,1,122224000.0,6.434328691,15.64898287,0.6
baseline,SOL MAIOR 2,2015-08-28,2015,8,10.12019036,256.5127143326569,297.0,-40.48728566734309,-13.632082716277132,1,20579000.0,6.434328691,15.64898287,0.6
capex_minus_10,SOL MAIOR 2,2015-08-28,2015,8,10.12019036,234.74585946400111,297.0,-62.254140535998886,-20.960990079460903,1,18521100.0,6.434328691,15.64898287,0.6
capex_minus_15,SOL MAIOR 2,2015-08-28,2015,8,10.12019036,223.86243202967322,297.0,-73.13756797032678,-24.62544376105279,1,17492150.0,6.434328691,15.64898287,0.6
coe_minus_200bps,SOL MAIOR 2,2015-08-28,2015,8,9.3201903626,243.76997719070954,297.0,-53.23002280929046,-17.9225666024547,1,20579000.0,6.434328691,13.64898287,0.6
tech_premium_half,SOL MAIOR 2,2015-08-28,2015,8,8.82709518027,236.06613518058316,297.0,-60.93386481941684,-20.51645280115045,1,20579000.0,5.362164345449999,14.0244914325,0.6
cod_minus_100bps,SOL MAIOR 2,2015-08-28,2015,8,9.520190362600001,246.92801948794454,297.0,-50.07198051205546,-16.859252697661773,1,20579000.0,5.434328691,15.64898287,0.6
cod_minus_200bps,SOL MAIOR 2,2015-08-28,2015,8,8.9201903626,237.5114624658145,297.0,-59.4885375341855,-20.029810617570874,1,20579000.0,4.434328691,15.64898287,0.6
debt_share_plus_10pp,SOL MAIOR 2,2015-08-28,2015,8,9.1987249447,241.8612919038997,297.0,-55.13870809610029,-18.565221581178548,1,20579000.0,6.434328691,15.64898287,0.7
combined_financing_relief,SOL MAIOR 2,2015-08-28,2015,8,7.8987249447000005,221.89661235117245,297.0,-75.10338764882755,-25.287335908696146,1,20579000.0,5.434328691,13.64898287,0.7
opex_minus_10,SOL MAIOR 2,2015-08-28,2015,8,10.12019036,252.62829776804705,297.0,-44.37170223195295,-14.93996708146564,1,20579000.0,6.434328691,15.64898287,0.6
baseline,ASSURUÁ,2015-08-28,2015,8,10.12019036,215.04297367873386,298.5,-83.45702632126614,-27.95880278769385,1,126515010.0,6.434328691,15.64898287,0.6
capex_minus_10,ASSURUÁ,2015-08-28,2015,8,10.12019036,196.79510938607535,298.5,-101.70489061392465,-34.07199015541864,1,113863509.0,6.434328691,15.64898287,0.6
capex_minus_15,ASSURUÁ,2015-08-28,2015,8,10.12019036,187.6711772397461,298.5,-110.8288227602539,-37.128583839281035,1,107537758.5,6.434328691,15.64898287,0.6
coe_minus_200bps,ASSURUÁ,2015-08-28,2015,8,9.3201903626,204.3603215681134,298.5,-94.13967843188661,-31.53758071419987,1,126515010.0,6.434328691,13.64898287,0.6
tech_premium_half,ASSURUÁ,2015-08-28,2015,8,8.82709518027,197.90193957427195,298.5,-100.59806042572805,-33.70119277243821,1,126515010.0,5.362164345449999,14.0244914325,0.6
cod_minus_100bps,ASSURUÁ,2015-08-28,2015,8,9.520190362600001,207.0078114155665,298.5,-91.4921885844335,-30.650649442021276,1,126515010.0,5.434328691,15.64898287,0.6
cod_minus_200bps,ASSURUÁ,2015-08-28,2015,8,8.9201903626,199.11360457232013,298.5,-99.38639542767987,-33.29527485014401,1,126515010.0,4.434328691,15.64898287,0.6
debt_share_plus_10pp,ASSURUÁ,2015-08-28,2015,8,9.1987249447,202.76020844637245,298.5,-95.73979155362755,-32.07363201126551,1,126515010.0,6.434328691,15.64898287,0.7
combined_financing_relief,ASSURUÁ,2015-08-28,2015,8,7.8987249447000005,186.02316649155696,298.5,-112.47683350844304,-37.680681242359476,1,126515010.0,5.434328691,13.64898287,0.7
opex_minus_10,ASSURUÁ,2015-08-28,2015,8,10.12019036,211.78654060351897,298.5,-86.71345939648103,-29.049735141199672,1,126515010.0,6.434328691,15.64898287,0.6
baseline,HORIZONTE MP 1,2015-08-28,2015,8,10.12019036,254.72955164631358,301.83,-47.1004483536864,-15.604959200108143,1,156675570.0,6.434328691,15.64898287,0.6
capex_minus_10,HORIZONTE MP 1,2015-08-28,2015,8,10.12019036,233.11401030517905,301.83,-68.71598969482093,-22.766454525667076,1,141008013.0,6.434328691,15.64898287,0.6
capex_minus_15,HORIZONTE MP 1,2015-08-28,2015,8,10.12019036,222.30623963461176,301.83,-79.52376036538823,-26.347202188446555,1,133174234.5,6.434328691,15.64898287,0.6
coe_minus_200bps,HORIZONTE MP 1,2015-08-28,2015,8,9.3201903626,242.0753963652606,301.83,-59.7546036347394,-19.797436846814236,1,156675570.0,6.434328691,13.64898287,0.6
tech_premium_half,HORIZONTE MP 1,2015-08-28,2015,8,8.82709518027,234.42510805036883,301.83,-67.40489194963115,-22.33207167929999,1,156675570.0,5.362164345449999,14.0244914325,0.6
cod_minus_100bps,HORIZONTE MP 1,2015-08-28,2015,8,9.520190362600001,245.21148535212217,301.83,-56.61851464787782,-18.758411903348847,1,156675570.0,5.434328691,15.64898287,0.6
cod_minus_200bps,HORIZONTE MP 1,2015-08-28,2015,8,8.9201903626,235.86038806089653,301.83,-65.96961193910346,-21.856545717491123,1,156675570.0,4.434328691,15.64898287,0.6
debt_share_plus_10pp,HORIZONTE MP 1,2015-08-28,2015,8,9.1987249447,240.1799794126159,301.83,-61.65002058738409,-20.425411850175294,1,156675570.0,6.434328691,15.64898287,0.7
combined_financing_relief,HORIZONTE MP 1,2015-08-28,2015,8,7.8987249447000005,220.35408546360452,301.83,-81.47591453639546,-26.993974931715027,1,156675570.0,5.434328691,13.64898287,0.7
opex_minus_10,HORIZONTE MP 1,2015-08-28,2015,8,10.12019036,250.87213782281677,301.83,-50.957862177183216,-16.88296795453839,1,156675570.0,6.434328691,15.64898287,0.6
baseline,HORIZONTE MP 2,2015-08-28,2015,8,10.12019036,254.72955164631358,301.83,-47.1004483536864,-15.604959200108143,1,156675570.0,6.434328691,15.64898287,0.6
capex_minus_10,HORIZONTE MP 2,2015-08-28,2015,8,10.12019036,233.11401030517905,301.83,-68.71598969482093,-22.766454525667076,1,141008013.0,6.434328691,15.64898287,0.6
capex_minus_15,HORIZONTE MP 2,2015-08-28,2015,8,10.12019036,222.30623963461176,301.83,-79.52376036538823,-26.347202188446555,1,133174234.5,6.434328691,15.64898287,0.6
coe_minus_200bps,HORIZONTE MP 2,2015-08-28,2015,8,9.3201903626,242.0753963652606,301.83,-59.7546036347394,-19.797436846814236,1,156675570.0,6.434328691,13.64898287,0.6
tech_premium_half,HORIZONTE MP 2,2015-08-28,2015,8,8.82709518027,234.42510805036883,301.83,-67.40489194963115,-22.33207167929999,1,156675570.0,5.362164345449999,14.0244914325,0.6
cod_minus_100bps,HORIZONTE MP 2,2015-08-28,2015,8,9.520190362600001,245.21148535212217,301.83,-56.61851464787782,-18.758411903348847,1,156675570.0,5.434328691,15.64898287,0.6
cod_minus_200bps,HORIZONTE MP 2,2015-08-28,2015,8,8.9201903626,235.86038806089653,301.83,-65.96961193910346,-21.856545717491123,1,156675570.0,4.434328691,15.64898287,0.6
debt_share_plus_10pp,HORIZONTE MP 2,2015-08-28,2015,8,9.1987249447,240.1799794126159,301.83,-61.65002058738409,-20.425411850175294,1,156675570.0,6.434328691,15.64898287,0.7
combined_financing_relief,HORIZONTE MP 2,2015-08-28,2015,8,7.8987249447000005,220.35408546360452,301.83,-81.47591453639546,-26.993974931715027,1,156675570.0,5.434328691,13.64898287,0.7
opex_minus_10,HORIZONTE MP 2,2015-08-28,2015,8,10.12019036,250.87213782281677,301.83,-50.957862177183216,-16.88296795453839,1,156675570.0,6.434328691,15.64898287,0.6
baseline,NOVA OLINDA 8,2015-08-28,2015,8,10.12019036,353.79712358746536,302.83,50.96712358746538,16.830275596032553,0,208147450.0,6.434328691,15.64898287,0.6
capex_minus_10,NOVA OLINDA 8,2015-08-28,2015,8,10.12019036,323.7750224908214,302.83,20.94502249082143,6.91642918166015,0,187332705.0,6.434328691,15.64898287,0.6
capex_minus_15,NOVA OLINDA 8,2015-08-28,2015,8,10.12019036,308.76397194249944,302.83,5.933971942499454,1.9595059744739474,0,176925332.5,6.434328691,15.64898287,0.6
coe_minus_200bps,NOVA OLINDA 8,2015-08-28,2015,8,9.3201903626,336.22160590086855,302.83,33.39160590086857,11.026518475999264,0,208147450.0,6.434328691,13.64898287,0.6
tech_premium_half,NOVA OLINDA 8,2015-08-28,2015,8,8.82709518027,325.59602287302357,302.83,22.766022873023587,7.51775678533289,0,208147450.0,5.362164345449999,14.0244914325,0.6
cod_minus_100bps,NOVA OLINDA 8,2015-08-28,2015,8,9.520190362600001,340.5773598987573,302.83,37.74735989875734,12.464868044367249,0,208147450.0,5.434328691,15.64898287,0.6
cod_minus_200bps,NOVA OLINDA 8,2015-08-28,2015,8,8.9201903626,327.58950158811814,302.83,24.759501588118155,8.176039886443931,0,208147450.0,4.434328691,15.64898287,0.6
debt_share_plus_10pp,NOVA OLINDA 8,2015-08-28,2015,8,9.1987249447,333.5890371173495,302.83,30.75903711734952,10.157196155384051,0,208147450.0,6.434328691,15.64898287,0.7
combined_financing_relief,NOVA OLINDA 8,2015-08-28,2015,8,7.8987249447000005,306.05260011188636,302.83,3.222600111886379,1.0641614476393948,0,208147450.0,5.434328691,13.64898287,0.7
opex_minus_10,NOVA OLINDA 8,2015-08-28,2015,8,10.12019036,348.4395123253628,302.83,45.6095123253628,15.061094450801704,0,208147450.0,6.434328691,15.64898287,0.6
baseline,NOVA OLINDA 14,2015-08-28,2015,8,10.12019036,353.79712358746536,302.83,50.96712358746538,16.830275596032553,0,208147450.0,6.434328691,15.64898287,0.6
capex_minus_10,NOVA OLINDA 14,2015-08-28,2015,8,10.12019036,323.7750224908214,302.83,20.94502249082143,6.91642918166015,0,187332705.0,6.434328691,15.64898287,0.6
capex_minus_15,NOVA OLINDA 14,2015-08-28,2015,8,10.12019036,308.76397194249944,302.83,5.933971942499454,1.9595059744739474,0,176925332.5,6.434328691,15.64898287,0.6
coe_minus_200bps,NOVA OLINDA 14,2015-08-28,2015,8,9.3201903626,336.22160590086855,302.83,33.39160590086857,11.026518475999264,0,208147450.0,6.434328691,13.64898287,0.6
tech_premium_half,NOVA OLINDA 14,2015-08-28,2015,8,8.82709518027,325.59602287302357,302.83,22.766022873023587,7.51775678533289,0,208147450.0,5.362164345449999,14.0244914325,0.6
cod_minus_100bps,NOVA OLINDA 14,2015-08-28,2015,8,9.520190362600001,340.5773598987573,302.83,37.74735989875734,12.464868044367249,0,208147450.0,5.434328691,15.64898287,0.6
cod_minus_200bps,NOVA OLINDA 14,2015-08-28,2015,8,8.9201903626,327.58950158811814,302.83,24.759501588118155,8.176039886443931,0,208147450.0,4.434328691,15.64898287,0.6
debt_share_plus_10pp,NOVA OLINDA 14,2015-08-28,2015,8,9.1987249447,333.5890371173495,302.83,30.75903711734952,10.157196155384051,0,208147450.0,6.434328691,15.64898287,0.7
combined_financing_relief,NOVA OLINDA 14,2015-08-28,2015,8,7.8987249447000005,306.05260011188636,302.83,3.222600111886379,1.0641614476393948,0,208147450.0,5.434328691,13.64898287,0.7
opex_minus_10,NOVA OLINDA 14,2015-08-28,2015,8,10.12019036,348.4395123253628,302.83,45.6095123253628,15.061094450801704,0,208147450.0,6.434328691,15.64898287,0.6
baseline,NOVA OLINDA 13,2015-08-28,2015,8,10.12019036,353.79712358746536,302.83,50.96712358746538,16.830275596032553,0,208147450.0,6.434328691,15.64898287,0.6
capex_minus_10,NOVA OLINDA 13,2015-08-28,2015,8,10.12019036,323.7750224908214,302.83,20.94502249082143,6.91642918166015,0,187332705.0,6.434328691,15.64898287,0.6
capex_minus_15,NOVA OLINDA 13,2015-08-28,2015,8,10.12019036,308.76397194249944,302.83,5.933971942499454,1.9595059744739474,0,176925332.5,6.434328691,15.64898287,0.6
coe_minus_200bps,NOVA OLINDA 13,2015-08-28,2015,8,9.3201903626,336.22160590086855,302.83,33.39160590086857,11.026518475999264,0,208147450.0,6.434328691,13.64898287,0.6
tech_premium_half,NOVA OLINDA 13,2015-08-28,2015,8,8.82709518027,325.59602287302357,302.83,22.766022873023587,7.51775678533289,0,208147450.0,5.362164345449999,14.0244914325,0.6
cod_minus_100bps,NOVA OLINDA 13,2015-08-28,2015,8,9.520190362600001,340.5773598987573,302.83,37.74735989875734,12.464868044367249,0,208147450.0,5.434328691,15.64898287,0.6
cod_minus_200bps,NOVA OLINDA 13,2015-08-28,2015,8,8.9201903626,327.58950158811814,302.83,24.759501588118155,8.176039886443931,0,208147450.0,4.434328691,15.64898287,0.6
debt_share_plus_10pp,NOVA OLINDA 13,2015-08-28,2015,8,9.1987249447,333.5890371173495,302.83,30.75903711734952,10.157196155384051,0,208147450.0,6.434328691,15.64898287,0.7
combined_financing_relief,NOVA OLINDA 13,2015-08-28,2015,8,7.8987249447000005,306.05260011188636,302.83,3.222600111886379,1.0641614476393948,0,208147450.0,5.434328691,13.64898287,0.7
opex_minus_10,NOVA OLINDA 13,2015-08-28,2015,8,10.12019036,348.4395123253628,302.83,45.6095123253628,15.061094450801704,0,208147450.0,6.434328691,15.64898287,0.6
baseline,NOVA OLINDA 10,2015-08-28,2015,8,10.12019036,353.79712358746536,302.83,50.96712358746538,16.830275596032553,0,208147450.0,6.434328691,15.64898287,0.6
capex_minus_10,NOVA OLINDA 10,2015-08-28,2015,8,10.12019036,323.7750224908214,302.83,20.94502249082143,6.91642918166015,0,187332705.0,6.434328691,15.64898287,0.6
capex_minus_15,NOVA OLINDA 10,2015-08-28,2015,8,10.12019036,308.76397194249944,302.83,5.933971942499454,1.9595059744739474,0,176925332.5,6.434328691,15.64898287,0.6
coe_minus_200bps,NOVA OLINDA 10,2015-08-28,2015,8,9.3201903626,336.22160590086855,302.83,33.39160590086857,11.026518475999264,0,208147450.0,6.434328691,13.64898287,0.6
tech_premium_half,NOVA OLINDA 10,2015-08-28,2015,8,8.82709518027,325.59602287302357,302.83,22.766022873023587,7.51775678533289,0,208147450.0,5.362164345449999,14.0244914325,0.6
cod_minus_100bps,NOVA OLINDA 10,2015-08-28,2015,8,9.520190362600001,340.5773598987573,302.83,37.74735989875734,12.464868044367249,0,208147450.0,5.434328691,15.64898287,0.6
cod_minus_200bps,NOVA OLINDA 10,2015-08-28,2015,8,8.9201903626,327.58950158811814,302.83,24.759501588118155,8.176039886443931,0,208147450.0,4.434328691,15.64898287,0.6
debt_share_plus_10pp,NOVA OLINDA 10,2015-08-28,2015,8,9.1987249447,333.5890371173495,302.83,30.75903711734952,10.157196155384051,0,208147450.0,6.434328691,15.64898287,0.7
combined_financing_relief,NOVA OLINDA 10,2015-08-28,2015,8,7.8987249447000005,306.05260011188636,302.83,3.222600111886379,1.0641614476393948,0,208147450.0,5.434328691,13.64898287,0.7
opex_minus_10,NOVA OLINDA 10,2015-08-28,2015,8,10.12019036,348.4395123253628,302.83,45.6095123253628,15.061094450801704,0,208147450.0,6.434328691,15.64898287,0.6
baseline,NOVA OLINDA 11,2015-08-28,2015,8,10.12019036,353.79712358746536,302.83,50.96712358746538,16.830275596032553,0,208147450.0,6.434328691,15.64898287,0.6
capex_minus_10,NOVA OLINDA 11,2015-08-28,2015,8,10.12019036,323.7750224908214,302.83,20.94502249082143,6.91642918166015,0,187332705.0,6.434328691,15.64898287,0.6
capex_minus_15,NOVA OLINDA 11,2015-08-28,2015,8,10.12019036,308.76397194249944,302.83,5.933971942499454,1.9595059744739474,0,176925332.5,6.434328691,15.64898287,0.6
coe_minus_200bps,NOVA OLINDA 11,2015-08-28,2015,8,9.3201903626,336.22160590086855,302.83,33.39160590086857,11.026518475999264,0,208147450.0,6.434328691,13.64898287,0.6
tech_premium_half,NOVA OLINDA 11,2015-08-28,2015,8,8.82709518027,325.59602287302357,302.83,22.766022873023587,7.51775678533289,0,208147450.0,5.362164345449999,14.0244914325,0.6
cod_minus_100bps,NOVA OLINDA 11,2015-08-28,2015,8,9.520190362600001,340.5773598987573,302.83,37.74735989875734,12.464868044367249,0,208147450.0,5.434328691,15.64898287,0.6
cod_minus_200bps,NOVA OLINDA 11,2015-08-28,2015,8,8.9201903626,327.58950158811814,302.83,24.759501588118155,8.176039886443931,0,208147450.0,4.434328691,15.64898287,0.6
debt_share_plus_10pp,NOVA OLINDA 11,2015-08-28,2015,8,9.1987249447,333.5890371173495,302.83,30.75903711734952,10.157196155384051,0,208147450.0,6.434328691,15.64898287,0.7
combined_financing_relief,NOVA OLINDA 11,2015-08-28,2015,8,7.8987249447000005,306.05260011188636,302.83,3.222600111886379,1.0641614476393948,0,208147450.0,5.434328691,13.64898287,0.7
opex_minus_10,NOVA OLINDA 11,2015-08-28,2015,8,10.12019036,348.4395123253628,302.83,45.6095123253628,15.061094450801704,0,208147450.0,6.434328691,15.64898287,0.6
baseline,NOVA OLINDA 9,2015-08-28,2015,8,10.12019036,353.79712358746536,302.83,50.96712358746538,16.830275596032553,0,208147450.0,6.434328691,15.64898287,0.6
capex_minus_10,NOVA OLINDA 9,2015-08-28,2015,8,10.12019036,323.7750224908214,302.83,20.94502249082143,6.91642918166015,0,187332705.0,6.434328691,15.64898287,0.6
capex_minus_15,NOVA OLINDA 9,2015-08-28,2015,8,10.12019036,308.76397194249944,302.83,5.933971942499454,1.9595059744739474,0,176925332.5,6.434328691,15.64898287,0.6
coe_minus_200bps,NOVA OLINDA 9,2015-08-28,2015,8,9.3201903626,336.22160590086855,302.83,33.39160590086857,11.026518475999264,0,208147450.0,6.434328691,13.64898287,0.6
tech_premium_half,NOVA OLINDA 9,2015-08-28,2015,8,8.82709518027,325.59602287302357,302.83,22.766022873023587,7.51775678533289,0,208147450.0,5.362164345449999,14.0244914325,0.6
cod_minus_100bps,NOVA OLINDA 9,2015-08-28,2015,8,9.520190362600001,340.5773598987573,302.83,37.74735989875734,12.464868044367249,0,208147450.0,5.434328691,15.64898287,0.6
cod_minus_200bps,NOVA OLINDA 9,2015-08-28,2015,8,8.9201903626,327.58950158811814,302.83,24.759501588118155,8.176039886443931,0,208147450.0,4.434328691,15.64898287,0.6
debt_share_plus_10pp,NOVA OLINDA 9,2015-08-28,2015,8,9.1987249447,333.5890371173495,302.83,30.75903711734952,10.157196155384051,0,208147450.0,6.434328691,15.64898287,0.7
combined_financing_relief,NOVA OLINDA 9,2015-08-28,2015,8,7.8987249447000005,306.05260011188636,302.83,3.222600111886379,1.0641614476393948,0,208147450.0,5.434328691,13.64898287,0.7
opex_minus_10,NOVA OLINDA 9,2015-08-28,2015,8,10.12019036,348.4395123253628,302.83,45.6095123253628,15.061094450801704,0,208147450.0,6.434328691,15.64898287,0.6
baseline,LAPA 2,2015-08-28,2015,8,10.12019036,266.833655655245,303.83,-36.99634434475496,-12.176659429534595,1,155200810.0,6.434328691,15.64898287,0.6
capex_minus_10,LAPA 2,2015-08-28,2015,8,10.12019036,244.190998465255,303.83,-59.63900153474498,-19.62906939233946,1,139680729.0,6.434328691,15.64898287,0.6
capex_minus_15,LAPA 2,2015-08-28,2015,8,10.12019036,232.86966987026003,303.83,-70.96033012973996,-23.35527437374188,1,131920688.5,6.434328691,15.64898287,0.6
coe_minus_200bps,LAPA 2,2015-08-28,2015,8,9.3201903626,253.57820692391013,303.83,-50.251793076089854,-16.539444122071504,1,155200810.0,6.434328691,13.64898287,0.6
tech_premium_half,LAPA 2,2015-08-28,2015,8,8.82709518027,245.56439625970927,303.83,-58.265603740290715,-19.177041023036146,1,155200810.0,5.362164345449999,14.0244914325,0.6
cod_minus_100bps,LAPA 2,2015-08-28,2015,8,9.520190362600001,256.8633149266901,303.83,-46.96668507330986,-15.45821185311189,1,155200810.0,5.434328691,15.64898287,0.6
cod_minus_200bps,LAPA 2,2015-08-28,2015,8,8.9201903626,247.06787714579357,303.83,-56.76212285420641,-18.68219822078347,1,155200810.0,4.434328691,15.64898287,0.6
debt_share_plus_10pp,LAPA 2,2015-08-28,2015,8,9.1987249447,251.59272455213426,303.83,-52.23727544786573,-17.192928758801216,1,155200810.0,6.434328691,15.64898287,0.7
combined_financing_relief,LAPA 2,2015-08-28,2015,8,7.8987249447000005,230.8247542723302,303.83,-73.00524572766977,-24.028320352720197,1,155200810.0,5.434328691,13.64898287,0.7
opex_minus_10,LAPA 2,2015-08-28,2015,8,10.12019036,262.79294727971046,303.83,-41.03705272028952,-13.506583523776298,1,155200810.0,6.434328691,15.64898287,0.6
baseline,SOBRAL 1,2015-08-28,2015,8,10.12019036,242.61258568882792,302.5,-59.88741431117208,-19.797492334271762,1,126515010.0,6.434328691,15.64898287,0.6
capex_minus_10,SOBRAL 1,2015-08-28,2015,8,10.12019036,222.02525161505937,302.5,-80.47474838494063,-26.60322260659194,1,113863509.0,6.434328691,15.64898287,0.6
capex_minus_15,SOBRAL 1,2015-08-28,2015,8,10.12019036,211.7315845781751,302.5,-90.7684154218249,-30.00608774275203,1,107537758.5,6.434328691,15.64898287,0.6
coe_minus_200bps,SOBRAL 1,2015-08-28,2015,8,9.3201903626,230.5603627947946,302.5,-71.9396372052054,-23.781698249654678,1,126515010.0,6.434328691,13.64898287,0.6
tech_premium_half,SOBRAL 1,2015-08-28,2015,8,8.82709518027,223.27398310943508,302.5,-79.22601689056492,-26.19041880679832,1,126515010.0,5.362164345449999,14.0244914325,0.6
cod_minus_100bps,SOBRAL 1,2015-08-28,2015,8,9.520190362600001,233.54727441756222,302.5,-68.95272558243778,-22.794289448739764,1,126515010.0,5.434328691,15.64898287,0.6
cod_minus_200bps,SOBRAL 1,2015-08-28,2015,8,8.9201903626,224.64098977389958,302.5,-77.85901022610042,-25.73851577722328,1,126515010.0,4.434328691,15.64898287,0.6
debt_share_plus_10pp,SOBRAL 1,2015-08-28,2015,8,9.1987249447,228.75510696513808,302.5,-73.74489303486192,-24.37847703631799,1,126515010.0,6.434328691,15.64898287,0.7
combined_financing_relief,SOBRAL 1,2015-08-28,2015,8,7.8987249447000005,209.87229040073095,302.5,-92.62770959926905,-30.620730446039357,1,126515010.0,5.434328691,13.64898287,0.7
opex_minus_10,SOBRAL 1,2015-08-28,2015,8,10.12019036,238.9386611937137,302.5,-63.5613388062863,-21.012012828524394,1,126515010.0,6.434328691,15.64898287,0.6
baseline,BOM JESUS DA LAPA I,2015-08-28,2015,8,10.12019036,294.8810888595725,304.83,-9.94891114042747,-3.263757222198429,1,165600000.0,6.434328691,15.64898287,0.6
capex_minus_10,BOM JESUS DA LAPA I,2015-08-28,2015,8,10.12019036,269.8584154945652,304.83,-34.971584505434805,-11.472487781857037,1,149040000.0,6.434328691,15.64898287,0.6
capex_minus_15,BOM JESUS DA LAPA I,2015-08-28,2015,8,10.12019036,257.34707881206145,304.83,-47.48292118793853,-15.57685306168636,1,140760000.0,6.434328691,15.64898287,0.6
coe_minus_200bps,BOM JESUS DA LAPA I,2015-08-28,2015,8,9.3201903626,280.2323327024185,304.83,-24.597667297581495,-8.069306596326312,1,165600000.0,6.434328691,13.64898287,0.6
tech_premium_half,BOM JESUS DA LAPA I,2015-08-28,2015,8,8.82709518027,271.3761739492033,304.83,-33.45382605079669,-10.974584539184692,1,165600000.0,5.362164345449999,14.0244914325,0.6
cod_minus_100bps,BOM JESUS DA LAPA I,2015-08-28,2015,8,9.520190362600001,283.86274515076826,304.83,-20.967254849231722,-6.878343617502123,1,165600000.0,5.434328691,15.64898287,0.6
cod_minus_200bps,BOM JESUS DA LAPA I,2015-08-28,2015,8,8.9201903626,273.03768879744877,304.83,-31.79231120255122,-10.42952176706729,1,165600000.0,4.434328691,15.64898287,0.6
debt_share_plus_10pp,BOM JESUS DA LAPA I,2015-08-28,2015,8,9.1987249447,278.0381522029099,304.83,-26.7918477970901,-8.789111241377194,1,165600000.0,6.434328691,15.64898287,0.7
combined_financing_relief,BOM JESUS DA LAPA I,2015-08-28,2015,8,7.8987249447000005,255.0872179361357,304.83,-49.7427820638643,-16.318204265939805,1,165600000.0,5.434328691,13.64898287,0.7
opex_minus_10,BOM JESUS DA LAPA I,2015-08-28,2015,8,10.12019036,290.4156533386226,304.83,-14.414346661377408,-4.728650940319985,1,165600000.0,6.434328691,15.64898287,0.6
baseline,PIRAPORA 5,2015-08-28,2015,8,10.12019036,228.22122435801393,302.0,-73.77877564198607,-24.430058159598037,1,128165000.0,6.434328691,15.64898287,0.6
capex_minus_10,PIRAPORA 5,2015-08-28,2015,8,10.12019036,208.8550955426385,302.0,-93.14490445736149,-30.842683595152813,1,115348500.0,6.434328691,15.64898287,0.6
capex_minus_15,PIRAPORA 5,2015-08-28,2015,8,10.12019036,199.1720311349508,302.0,-102.8279688650492,-34.0489963129302,1,108940250.0,6.434328691,15.64898287,0.6
coe_minus_200bps,PIRAPORA 5,2015-08-28,2015,8,9.3201903626,216.8839186038977,302.0,-85.11608139610229,-28.18413291261665,1,128165000.0,6.434328691,13.64898287,0.6
tech_premium_half,PIRAPORA 5,2015-08-28,2015,8,8.82709518027,210.0297544335727,302.0,-91.97024556642731,-30.453723697492485,1,128165000.0,5.362164345449999,14.0244914325,0.6
cod_minus_100bps,PIRAPORA 5,2015-08-28,2015,8,9.520190362600001,219.69365176478394,302.0,-82.30634823521606,-27.253757693780152,1,128165000.0,5.434328691,15.64898287,0.6
cod_minus_200bps,PIRAPORA 5,2015-08-28,2015,8,8.9201903626,211.3156726130738,302.0,-90.68432738692621,-30.027922975803385,1,128165000.0,4.434328691,15.64898287,0.6
debt_share_plus_10pp,PIRAPORA 5,2015-08-28,2015,8,9.1987249447,215.18574744617115,302.0,-86.81425255382885,-28.746441242989683,1,128165000.0,6.434328691,15.64898287,0.7
combined_financing_relief,PIRAPORA 5,2015-08-28,2015,8,7.8987249447000005,197.42302709411126,302.0,-104.57697290588874,-34.62813672380422,1,128165000.0,5.434328691,13.64898287,0.7
opex_minus_10,PIRAPORA 5,2015-08-28,2015,8,10.12019036,224.76523073758793,302.0,-77.23476926241207,-25.57442690808347,1,128165000.0,6.434328691,15.64898287,0.6
baseline,PIRAPORA 6,2015-08-28,2015,8,10.12019036,228.22656640672517,296.45,-68.22343359327482,-23.01347059985658,1,128168000.0,6.434328691,15.64898287,0.6
capex_minus_10,PIRAPORA 6,2015-08-28,2015,8,10.12019036,208.85998428204968,296.45,-87.59001571795031,-29.54630316004396,1,115351200.0,6.434328691,15.64898287,0.6
capex_minus_15,PIRAPORA 6,2015-08-28,2015,8,10.12019036,199.1766932197119,296.45,-97.2733067802881,-32.81271944013766,1,108942800.0,6.434328691,15.64898287,0.6
coe_minus_200bps,PIRAPORA 6,2015-08-28,2015,8,9.3201903626,216.8889952765916,296.45,-79.56100472340839,-26.83791692474562,1,128168000.0,6.434328691,13.64898287,0.6
tech_premium_half,PIRAPORA 6,2015-08-28,2015,8,8.82709518027,210.03467066860796,296.45,-86.41532933139203,-29.15005205983877,1,128168000.0,5.362164345449999,14.0244914325,0.6
cod_minus_100bps,PIRAPORA 6,2015-08-28,2015,8,9.520190362600001,219.69879420581924,296.45,-76.75120579418075,-25.89010146540083,1,128168000.0,5.434328691,15.64898287,0.6
cod_minus_200bps,PIRAPORA 6,2015-08-28,2015,8,8.9201903626,211.32061894801578,296.45,-85.12938105198421,-28.716269540220686,1,128168000.0,4.434328691,15.64898287,0.6
debt_share_plus_10pp,PIRAPORA 6,2015-08-28,2015,8,9.1987249447,215.1907843692183,296.45,-81.25921563078168,-27.41076594055715,1,128168000.0,6.434328691,15.64898287,0.7
combined_financing_relief,PIRAPORA 6,2015-08-28,2015,8,7.8987249447000005,197.42764823936378,296.45,-99.02235176063621,-33.40271606025846,1,128168000.0,5.434328691,13.64898287,0.7
opex_minus_10,PIRAPORA 6,2015-08-28,2015,8,10.12019036,224.77049189072815,296.45,-71.67950810927184,-24.179290979683536,1,128168000.0,6.434328691,15.64898287,0.6
baseline,PIRAPORA 7,2015-08-28,2015,8,10.12019036,228.22656640672517,299.0,-70.77343359327483,-23.670044680025025,1,128168000.0,6.434328691,15.64898287,0.6
capex_minus_10,PIRAPORA 7,2015-08-28,2015,8,10.12019036,208.85998428204968,299.0,-90.14001571795032,-30.147162447475022,1,115351200.0,6.434328691,15.64898287,0.6
capex_minus_15,PIRAPORA 7,2015-08-28,2015,8,10.12019036,199.1766932197119,299.0,-99.8233067802881,-33.38572133120004,1,108942800.0,6.434328691,15.64898287,0.6
coe_minus_200bps,PIRAPORA 7,2015-08-28,2015,8,9.3201903626,216.8889952765916,299.0,-82.1110047234084,-27.461874489434244,1,128168000.0,6.434328691,13.64898287,0.6
tech_premium_half,PIRAPORA 7,2015-08-28,2015,8,8.82709518027,210.03467066860796,299.0,-88.96532933139204,-29.754290746284962,1,128168000.0,5.362164345449999,14.0244914325,0.6
cod_minus_100bps,PIRAPORA 7,2015-08-28,2015,8,9.520190362600001,219.69879420581924,299.0,-79.30120579418076,-26.522142406080523,1,128168000.0,5.434328691,15.64898287,0.6
cod_minus_200bps,PIRAPORA 7,2015-08-28,2015,8,8.9201903626,211.32061894801578,299.0,-87.67938105198422,-29.324207709693724,1,128168000.0,4.434328691,15.64898287,0.6
debt_share_plus_10pp,PIRAPORA 7,2015-08-28,2015,8,9.1987249447,215.1907843692183,299.0,-83.8092156307817,-28.029838003605917,1,128168000.0,6.434328691,15.64898287,0.7
combined_financing_relief,PIRAPORA 7,2015-08-28,2015,8,7.8987249447000005,197.42764823936378,299.0,-101.57235176063622,-33.970686207570644,1,128168000.0,5.434328691,13.64898287,0.7
opex_minus_10,PIRAPORA 7,2015-08-28,2015,8,10.12019036,224.77049189072815,299.0,-74.22950810927185,-24.825922444572523,1,128168000.0,6.434328691,15.64898287,0.6
baseline,PIRAPORA 9,2015-08-28,2015,8,10.12019036,228.22656640672517,299.0,-70.77343359327483,-23.670044680025025,1,128168000.0,6.434328691,15.64898287,0.6
capex_minus_10,PIRAPORA 9,2015-08-28,2015,8,10.12019036,208.85998428204968,299.0,-90.14001571795032,-30.147162447475022,1,115351200.0,6.434328691,15.64898287,0.6
capex_minus_15,PIRAPORA 9,2015-08-28,2015,8,10.12019036,199.1766932197119,299.0,-99.8233067802881,-33.38572133120004,1,108942800.0,6.434328691,15.64898287,0.6
coe_minus_200bps,PIRAPORA 9,2015-08-28,2015,8,9.3201903626,216.8889952765916,299.0,-82.1110047234084,-27.461874489434244,1,128168000.0,6.434328691,13.64898287,0.6
tech_premium_half,PIRAPORA 9,2015-08-28,2015,8,8.82709518027,210.03467066860796,299.0,-88.96532933139204,-29.754290746284962,1,128168000.0,5.362164345449999,14.0244914325,0.6
cod_minus_100bps,PIRAPORA 9,2015-08-28,2015,8,9.520190362600001,219.69879420581924,299.0,-79.30120579418076,-26.522142406080523,1,128168000.0,5.434328691,15.64898287,0.6
cod_minus_200bps,PIRAPORA 9,2015-08-28,2015,8,8.9201903626,211.32061894801578,299.0,-87.67938105198422,-29.324207709693724,1,128168000.0,4.434328691,15.64898287,0.6
debt_share_plus_10pp,PIRAPORA 9,2015-08-28,2015,8,9.1987249447,215.1907843692183,299.0,-83.8092156307817,-28.029838003605917,1,128168000.0,6.434328691,15.64898287,0.7
combined_financing_relief,PIRAPORA 9,2015-08-28,2015,8,7.8987249447000005,197.42764823936378,299.0,-101.57235176063622,-33.970686207570644,1,128168000.0,5.434328691,13.64898287,0.7
opex_minus_10,PIRAPORA 9,2015-08-28,2015,8,10.12019036,224.77049189072815,299.0,-74.22950810927185,-24.825922444572523,1,128168000.0,6.434328691,15.64898287,0.6
baseline,PIRAPORA 10,2015-08-28,2015,8,10.12019036,228.22656640672517,296.45,-68.22343359327482,-23.01347059985658,1,128168000.0,6.434328691,15.64898287,0.6
capex_minus_10,PIRAPORA 10,2015-08-28,2015,8,10.12019036,208.85998428204968,296.45,-87.59001571795031,-29.54630316004396,1,115351200.0,6.434328691,15.64898287,0.6
capex_minus_15,PIRAPORA 10,2015-08-28,2015,8,10.12019036,199.1766932197119,296.45,-97.2733067802881,-32.81271944013766,1,108942800.0,6.434328691,15.64898287,0.6
coe_minus_200bps,PIRAPORA 10,2015-08-28,2015,8,9.3201903626,216.8889952765916,296.45,-79.56100472340839,-26.83791692474562,1,128168000.0,6.434328691,13.64898287,0.6
tech_premium_half,PIRAPORA 10,2015-08-28,2015,8,8.82709518027,210.03467066860796,296.45,-86.41532933139203,-29.15005205983877,1,128168000.0,5.362164345449999,14.0244914325,0.6
cod_minus_100bps,PIRAPORA 10,2015-08-28,2015,8,9.520190362600001,219.69879420581924,296.45,-76.75120579418075,-25.89010146540083,1,128168000.0,5.434328691,15.64898287,0.6
cod_minus_200bps,PIRAPORA 10,2015-08-28,2015,8,8.9201903626,211.32061894801578,296.45,-85.12938105198421,-28.716269540220686,1,128168000.0,4.434328691,15.64898287,0.6
debt_share_plus_10pp,PIRAPORA 10,2015-08-28,2015,8,9.1987249447,215.1907843692183,296.45,-81.25921563078168,-27.41076594055715,1,128168000.0,6.434328691,15.64898287,0.7
combined_financing_relief,PIRAPORA 10,2015-08-28,2015,8,7.8987249447000005,197.42764823936378,296.45,-99.02235176063621,-33.40271606025846,1,128168000.0,5.434328691,13.64898287,0.7
opex_minus_10,PIRAPORA 10,2015-08-28,2015,8,10.12019036,224.77049189072815,296.45,-71.67950810927184,-24.179290979683536,1,128168000.0,6.434328691,15.64898287,0.6
baseline,BOM JESUS DA LAPA II,2015-08-28,2015,8,10.12019036,294.8810888595725,304.83,-9.94891114042747,-3.263757222198429,1,165600000.0,6.434328691,15.64898287,0.6
capex_minus_10,BOM JESUS DA LAPA II,2015-08-28,2015,8,10.12019036,269.8584154945652,304.83,-34.971584505434805,-11.472487781857037,1,149040000.0,6.434328691,15.64898287,0.6
capex_minus_15,BOM JESUS DA LAPA II,2015-08-28,2015,8,10.12019036,257.34707881206145,304.83,-47.48292118793853,-15.57685306168636,1,140760000.0,6.434328691,15.64898287,0.6
coe_minus_200bps,BOM JESUS DA LAPA II,2015-08-28,2015,8,9.3201903626,280.2323327024185,304.83,-24.597667297581495,-8.069306596326312,1,165600000.0,6.434328691,13.64898287,0.6
tech_premium_half,BOM JESUS DA LAPA II,2015-08-28,2015,8,8.82709518027,271.3761739492033,304.83,-33.45382605079669,-10.974584539184692,1,165600000.0,5.362164345449999,14.0244914325,0.6
cod_minus_100bps,BOM JESUS DA LAPA II,2015-08-28,2015,8,9.520190362600001,283.86274515076826,304.83,-20.967254849231722,-6.878343617502123,1,165600000.0,5.434328691,15.64898287,0.6
cod_minus_200bps,BOM JESUS DA LAPA II,2015-08-28,2015,8,8.9201903626,273.03768879744877,304.83,-31.79231120255122,-10.42952176706729,1,165600000.0,4.434328691,15.64898287,0.6
debt_share_plus_10pp,BOM JESUS DA LAPA II,2015-08-28,2015,8,9.1987249447,278.0381522029099,304.83,-26.7918477970901,-8.789111241377194,1,165600000.0,6.434328691,15.64898287,0.7
combined_financing_relief,BOM JESUS DA LAPA II,2015-08-28,2015,8,7.8987249447000005,255.0872179361357,304.83,-49.7427820638643,-16.318204265939805,1,165600000.0,5.434328691,13.64898287,0.7
opex_minus_10,BOM JESUS DA LAPA II,2015-08-28,2015,8,10.12019036,290.4156533386226,304.83,-14.414346661377408,-4.728650940319985,1,165600000.0,6.434328691,15.64898287,0.6
baseline,SERTAO 1,2015-08-28,2015,8,10.12019036,242.26163510279875,304.5,-62.23836489720125,-20.43952870187233,1,126332000.0,6.434328691,15.64898287,0.6
capex_minus_10,SERTAO 1,2015-08-28,2015,8,10.12019036,221.7040815903157,304.5,-82.7959184096843,-27.19077780285199,1,113698800.0,6.434328691,15.64898287,0.6
capex_minus_15,SERTAO 1,2015-08-28,2015,8,10.12019036,211.42530483407418,304.5,-93.07469516592582,-30.56640235334181,1,107382200.0,6.434328691,15.64898287,0.6
coe_minus_200bps,SERTAO 1,2015-08-28,2015,8,9.3201903626,230.22684632546776,304.5,-74.27315367453224,-24.391840287202708,1,126332000.0,6.434328691,13.64898287,0.6
tech_premium_half,SERTAO 1,2015-08-28,2015,8,8.82709518027,222.95100673676623,304.5,-81.54899326323377,-26.781278575774635,1,126332000.0,5.362164345449999,14.0244914325,0.6
cod_minus_100bps,SERTAO 1,2015-08-28,2015,8,9.520190362600001,233.20943723774425,304.5,-71.29056276225575,-23.412335882514203,1,126332000.0,5.434328691,15.64898287,0.6
cod_minus_200bps,SERTAO 1,2015-08-28,2015,8,8.9201903626,224.31603596071636,304.5,-80.18396403928364,-26.332993116349307,1,126332000.0,4.434328691,15.64898287,0.6
debt_share_plus_10pp,SERTAO 1,2015-08-28,2015,8,9.1987249447,228.42420188469538,304.5,-76.07579811530462,-24.98384174558444,1,126332000.0,6.434328691,15.64898287,0.7
combined_financing_relief,SERTAO 1,2015-08-28,2015,8,7.8987249447000005,209.56870021753565,304.5,-94.93129978246435,-31.176124723305204,1,126332000.0,5.434328691,13.64898287,0.7
opex_minus_10,SERTAO 1,2015-08-28,2015,8,10.12019036,238.59302510500194,304.5,-65.90697489499806,-21.644326730705437,1,126332000.0,6.434328691,15.64898287,0.6
baseline,LAPA 3,2015-08-28,2015,8,10.12019036,266.833655655245,303.83,-36.99634434475496,-12.176659429534595,1,155200810.0,6.434328691,15.64898287,0.6
capex_minus_10,LAPA 3,2015-08-28,2015,8,10.12019036,244.190998465255,303.83,-59.63900153474498,-19.62906939233946,1,139680729.0,6.434328691,15.64898287,0.6
capex_minus_15,LAPA 3,2015-08-28,2015,8,10.12019036,232.86966987026003,303.83,-70.96033012973996,-23.35527437374188,1,131920688.5,6.434328691,15.64898287,0.6
coe_minus_200bps,LAPA 3,2015-08-28,2015,8,9.3201903626,253.57820692391013,303.83,-50.251793076089854,-16.539444122071504,1,155200810.0,6.434328691,13.64898287,0.6
tech_premium_half,LAPA 3,2015-08-28,2015,8,8.82709518027,245.56439625970927,303.83,-58.265603740290715,-19.177041023036146,1,155200810.0,5.362164345449999,14.0244914325,0.6
cod_minus_100bps,LAPA 3,2015-08-28,2015,8,9.520190362600001,256.8633149266901,303.83,-46.96668507330986,-15.45821185311189,1,155200810.0,5.434328691,15.64898287,0.6
cod_minus_200bps,LAPA 3,2015-08-28,2015,8,8.9201903626,247.06787714579357,303.83,-56.76212285420641,-18.68219822078347,1,155200810.0,4.434328691,15.64898287,0.6
debt_share_plus_10pp,LAPA 3,2015-08-28,2015,8,9.1987249447,251.59272455213426,303.83,-52.23727544786573,-17.192928758801216,1,155200810.0,6.434328691,15.64898287,0.7
combined_financing_relief,LAPA 3,2015-08-28,2015,8,7.8987249447000005,230.8247542723302,303.83,-73.00524572766977,-24.028320352720197,1,155200810.0,5.434328691,13.64898287,0.7
opex_minus_10,LAPA 3,2015-08-28,2015,8,10.12019036,262.79294727971046,303.83,-41.03705272028952,-13.506583523776298,1,155200810.0,6.434328691,15.64898287,0.6
baseline,FLORESTA I,2015-11-13,2015,11,10.60583402,235.99708021737567,292.8,-56.80291978262434,-19.399904297344378,1,143892370.0,6.764033235,16.36853521,0.6
capex_minus_10,FLORESTA I,2015-11-13,2015,11,10.60583402,215.84233545420236,292.8,-76.95766454579766,-26.28335537766313,1,129503133.0,6.764033235,16.36853521,0.6
capex_minus_15,FLORESTA I,2015-11-13,2015,11,10.60583402,205.76496307261567,292.8,-87.03503692738434,-29.72508091782252,1,122308514.5,6.764033235,16.36853521,0.6
coe_minus_200bps,FLORESTA I,2015-11-13,2015,11,9.805834025000001,224.46791170718274,292.8,-68.33208829281728,-23.33746184863978,1,143892370.0,6.764033235,14.368535210000001,0.6
tech_premium_half,FLORESTA I,2015-11-13,2015,11,9.312917011589999,217.49189923298923,292.8,-75.30810076701079,-25.719979770153955,1,143892370.0,5.692016617649999,14.7442676025,0.6
cod_minus_100bps,FLORESTA I,2015-11-13,2015,11,10.005834025,227.32674810251604,292.8,-65.47325189748398,-22.36108329832103,1,143892370.0,5.764033235,16.36853521,0.6
cod_minus_200bps,FLORESTA I,2015-11-13,2015,11,9.405834025,218.79915194976195,292.8,-74.00084805023806,-25.273513678359993,1,143892370.0,4.764033235,16.36853521,0.6
debt_share_plus_10pp,FLORESTA I,2015-11-13,2015,11,9.645383827500002,222.18609699396197,292.8,-70.61390300603804,-24.116770152335395,1,143892370.0,6.764033235,16.36853521,0.7
combined_financing_relief,FLORESTA I,2015-11-13,2015,11,8.345383827500001,204.10445993080543,292.8,-88.69554006919458,-30.292192646582844,1,143892370.0,5.764033235,14.368535210000001,0.7
opex_minus_10,FLORESTA I,2015-11-13,2015,11,10.60583402,232.55211695881144,292.8,-60.24788304118857,-20.576462787291177,1,143892370.0,6.764033235,16.36853521,0.6
baseline,PIRAPORA 4,2015-11-13,2015,11,10.60583402,234.44314774182072,299.5,-65.05685225817928,-21.72182045348223,1,127738000.0,6.764033235,16.36853521,0.6
capex_minus_10,PIRAPORA 4,2015-11-13,2015,11,10.60583402,214.421112725841,299.5,-85.078887274159,-28.406974048133222,1,114964200.0,6.764033235,16.36853521,0.6
capex_minus_15,PIRAPORA 4,2015-11-13,2015,11,10.60583402,204.41009521785114,299.5,-95.08990478214886,-31.749550845458717,1,108577300.0,6.764033235,16.36853521,0.6
coe_minus_200bps,PIRAPORA 4,2015-11-13,2015,11,9.805834025000001,222.9898935168723,299.5,-76.51010648312769,-25.54594540338153,1,127738000.0,6.764033235,14.368535210000001,0.6
tech_premium_half,PIRAPORA 4,2015-11-13,2015,11,9.312917011589999,216.05981488434858,299.5,-83.44018511565142,-27.859828085359407,1,127738000.0,5.692016617649999,14.7442676025,0.6
cod_minus_100bps,PIRAPORA 4,2015-11-13,2015,11,10.005834025,225.82990578612834,299.5,-73.67009421387166,-24.597694228337787,1,127738000.0,5.764033235,16.36853521,0.6
cod_minus_200bps,PIRAPORA 4,2015-11-13,2015,11,9.405834025,217.3584599417255,299.5,-82.1415400582745,-27.426223725634223,1,127738000.0,4.764033235,16.36853521,0.6
debt_share_plus_10pp,PIRAPORA 4,2015-11-13,2015,11,9.645383827500002,220.72310350668064,299.5,-78.77689649331936,-26.30280350361247,1,127738000.0,6.764033235,16.36853521,0.7
combined_financing_relief,PIRAPORA 4,2015-11-13,2015,11,8.345383827500001,202.76052572806555,299.5,-96.73947427193445,-32.30032529947728,1,127738000.0,5.764033235,14.368535210000001,0.7
opex_minus_10,PIRAPORA 4,2015-11-13,2015,11,10.60583402,231.0208679836184,299.5,-68.47913201638161,-22.86448481348301,1,127738000.0,6.764033235,16.36853521,0.6
baseline,SOBRADO1,2015-11-13,2015,11,10.60583402,234.41180571673894,299.95,-65.53819428326105,-21.84970637881682,1,118598000.0,6.764033235,16.36853521,0.6
capex_minus_10,SOBRADO1,2015-11-13,2015,11,10.60583402,214.39244738860316,299.95,-85.55755261139683,-28.523938193497862,1,106738200.0,6.764033235,16.36853521,0.6
capex_minus_15,SOBRADO1,2015-11-13,2015,11,10.60583402,204.38276822453528,299.95,-95.5672317754647,-31.861054100838377,1,100808300.0,6.764033235,16.36853521,0.6
coe_minus_200bps,SOBRADO1,2015-11-13,2015,11,9.805834025000001,222.96008264416002,299.95,-76.98991735583996,-25.667583715899305,1,118598000.0,6.764033235,14.368535210000001,0.6
tech_premium_half,SOBRADO1,2015-11-13,2015,11,9.312917011589999,216.03093047376754,299.95,-83.91906952623245,-27.977686123098,1,118598000.0,5.692016617649999,14.7442676025,0.6
cod_minus_100bps,SOBRADO1,2015-11-13,2015,11,10.005834025,225.79971524040525,299.95,-74.15028475959474,-24.72088173348716,1,118598000.0,5.764033235,16.36853521,0.6
cod_minus_200bps,SOBRADO1,2015-11-13,2015,11,9.405834025,217.32940191904987,299.95,-82.62059808095012,-27.544790158676484,1,118598000.0,4.764033235,16.36853521,0.6
debt_share_plus_10pp,SOBRADO1,2015-11-13,2015,11,9.645383827500002,220.6935956745564,299.95,-79.25640432544358,-26.42320530936609,1,118598000.0,6.764033235,16.36853521,0.7
combined_financing_relief,SOBRADO1,2015-11-13,2015,11,8.345383827500001,202.73341926091484,299.95,-97.21658073908515,-32.41092873448413,1,118598000.0,5.764033235,14.368535210000001,0.7
opex_minus_10,SOBRADO1,2015-11-13,2015,11,10.60583402,230.98998347320082,299.95,-68.96001652679917,-22.9905039262541,1,118598000.0,6.764033235,16.36853521,0.6
baseline,FLORESTA II,2015-11-13,2015,11,10.60583402,235.99708021737567,292.8,-56.80291978262434,-19.399904297344378,1,143892370.0,6.764033235,16.36853521,0.6
capex_minus_10,FLORESTA II,2015-11-13,2015,11,10.60583402,215.84233545420236,292.8,-76.95766454579766,-26.28335537766313,1,129503133.0,6.764033235,16.36853521,0.6
capex_minus_15,FLORESTA II,2015-11-13,2015,11,10.60583402,205.76496307261567,292.8,-87.03503692738434,-29.72508091782252,1,122308514.5,6.764033235,16.36853521,0.6
coe_minus_200bps,FLORESTA II,2015-11-13,2015,11,9.805834025000001,224.46791170718274,292.8,-68.33208829281728,-23.33746184863978,1,143892370.0,6.764033235,14.368535210000001,0.6
tech_premium_half,FLORESTA II,2015-11-13,2015,11,9.312917011589999,217.49189923298923,292.8,-75.30810076701079,-25.719979770153955,1,143892370.0,5.692016617649999,14.7442676025,0.6
cod_minus_100bps,FLORESTA II,2015-11-13,2015,11,10.005834025,227.32674810251604,292.8,-65.47325189748398,-22.36108329832103,1,143892370.0,5.764033235,16.36853521,0.6
cod_minus_200bps,FLORESTA II,2015-11-13,2015,11,9.405834025,218.79915194976195,292.8,-74.00084805023806,-25.273513678359993,1,143892370.0,4.764033235,16.36853521,0.6
debt_share_plus_10pp,FLORESTA II,2015-11-13,2015,11,9.645383827500002,222.18609699396197,292.8,-70.61390300603804,-24.116770152335395,1,143892370.0,6.764033235,16.36853521,0.7
combined_financing_relief,FLORESTA II,2015-11-13,2015,11,8.345383827500001,204.10445993080543,292.8,-88.69554006919458,-30.292192646582844,1,143892370.0,5.764033235,14.368535210000001,0.7
opex_minus_10,FLORESTA II,2015-11-13,2015,11,10.60583402,232.55211695881144,292.8,-60.24788304118857,-20.576462787291177,1,143892370.0,6.764033235,16.36853521,0.6
baseline,COREMAS III,2015-11-13,2015,11,10.60583402,310.60035143456963,302.8,7.80035143456962,2.5760737894879853,0,143042000.0,6.764033235,16.36853521,0.6
capex_minus_10,COREMAS III,2015-11-13,2015,11,10.60583402,284.0742995013008,302.8,-18.72570049869921,-6.184181142238841,1,128737800.0,6.764033235,16.36853521,0.6
capex_minus_15,COREMAS III,2015-11-13,2015,11,10.60583402,270.8112735346663,302.8,-31.988726465333684,-10.564308608102273,1,121585700.0,6.764033235,16.36853521,0.6
coe_minus_200bps,COREMAS III,2015-11-13,2015,11,9.805834025000001,295.4265883214077,302.8,-7.373411678592333,-2.4350765120846543,1,143042000.0,6.764033235,14.368535210000001,0.6
tech_premium_half,COREMAS III,2015-11-13,2015,11,9.312917011589999,286.24532250296073,302.8,-16.55467749703928,-5.467198644993156,1,143042000.0,5.692016617649999,14.7442676025,0.6
cod_minus_100bps,COREMAS III,2015-11-13,2015,11,10.005834025,299.18915855391816,302.8,-3.6108414460818494,-1.1924839650204258,1,143042000.0,5.764033235,16.36853521,0.6
cod_minus_200bps,COREMAS III,2015-11-13,2015,11,9.405834025,287.96582325162944,302.8,-14.834176748370567,-4.899001568154084,1,143042000.0,4.764033235,16.36853521,0.6
debt_share_plus_10pp,COREMAS III,2015-11-13,2015,11,9.645383827500002,292.4234475575357,302.8,-10.376552442464288,-3.426866724724005,1,143042000.0,6.764033235,16.36853521,0.7
combined_financing_relief,COREMAS III,2015-11-13,2015,11,8.345383827500001,268.6258530257787,302.8,-34.17414697422129,-11.286045896374269,1,143042000.0,5.764033235,14.368535210000001,0.7
opex_minus_10,COREMAS III,2015-11-13,2015,11,10.60583402,306.0663682243815,302.8,3.2663682243814947,1.0787213422660153,0,143042000.0,6.764033235,16.36853521,0.6
baseline,PIRAPORA 3,2015-11-13,2015,11,10.60583402,234.44314774182072,299.5,-65.05685225817928,-21.72182045348223,1,127738000.0,6.764033235,16.36853521,0.6
capex_minus_10,PIRAPORA 3,2015-11-13,2015,11,10.60583402,214.421112725841,299.5,-85.078887274159,-28.406974048133222,1,114964200.0,6.764033235,16.36853521,0.6
capex_minus_15,PIRAPORA 3,2015-11-13,2015,11,10.60583402,204.41009521785114,299.5,-95.08990478214886,-31.749550845458717,1,108577300.0,6.764033235,16.36853521,0.6
coe_minus_200bps,PIRAPORA 3,2015-11-13,2015,11,9.805834025000001,222.9898935168723,299.5,-76.51010648312769,-25.54594540338153,1,127738000.0,6.764033235,14.368535210000001,0.6
tech_premium_half,PIRAPORA 3,2015-11-13,2015,11,9.312917011589999,216.05981488434858,299.5,-83.44018511565142,-27.859828085359407,1,127738000.0,5.692016617649999,14.7442676025,0.6
cod_minus_100bps,PIRAPORA 3,2015-11-13,2015,11,10.005834025,225.82990578612834,299.5,-73.67009421387166,-24.597694228337787,1,127738000.0,5.764033235,16.36853521,0.6
cod_minus_200bps,PIRAPORA 3,2015-11-13,2015,11,9.405834025,217.3584599417255,299.5,-82.1415400582745,-27.426223725634223,1,127738000.0,4.764033235,16.36853521,0.6
debt_share_plus_10pp,PIRAPORA 3,2015-11-13,2015,11,9.645383827500002,220.72310350668064,299.5,-78.77689649331936,-26.30280350361247,1,127738000.0,6.764033235,16.36853521,0.7
combined_financing_relief,PIRAPORA 3,2015-11-13,2015,11,8.345383827500001,202.76052572806555,299.5,-96.73947427193445,-32.30032529947728,1,127738000.0,5.764033235,14.368535210000001,0.7
opex_minus_10,PIRAPORA 3,2015-11-13,2015,11,10.60583402,231.0208679836184,299.5,-68.47913201638161,-22.86448481348301,1,127738000.0,6.764033235,16.36853521,0.6
baseline,PIRAPORA 2,2015-11-13,2015,11,10.60583402,235.23234558059212,301.0,-65.76765441940788,-21.84971907621524,1,128168000.0,6.764033235,16.36853521,0.6
capex_minus_10,PIRAPORA 2,2015-11-13,2015,11,10.60583402,215.14291108241545,301.0,-85.85708891758455,-28.523949806506494,1,115351200.0,6.764033235,16.36853521,0.6
capex_minus_15,PIRAPORA 2,2015-11-13,2015,11,10.60583402,205.09819383332717,301.0,-95.90180616667283,-31.861065171652104,1,108942800.0,6.764033235,16.36853521,0.6
coe_minus_200bps,PIRAPORA 2,2015-11-13,2015,11,9.805834025000001,223.7405366630955,301.0,-77.2594633369045,-25.667595792991527,1,128168000.0,6.764033235,14.368535210000001,0.6
tech_premium_half,PIRAPORA 2,2015-11-13,2015,11,9.312917011589999,216.78712954717616,301.0,-84.21287045282384,-27.977697824858417,1,128168000.0,5.692016617649999,14.7442676025,0.6
cod_minus_100bps,PIRAPORA 2,2015-11-13,2015,11,10.005834025,226.5901091671742,301.0,-74.4098908328258,-24.72089396439395,1,128168000.0,5.764033235,16.36853521,0.6
cod_minus_200bps,PIRAPORA 2,2015-11-13,2015,11,9.405834025,218.09014618837836,301.0,-82.90985381162164,-27.544801930771314,1,128168000.0,4.764033235,16.36853521,0.6
debt_share_plus_10pp,PIRAPORA 2,2015-11-13,2015,11,9.645383827500002,221.46611603629492,301.0,-79.53388396370508,-26.4232172636894,1,128168000.0,6.764033235,16.36853521,0.7
combined_financing_relief,PIRAPORA 2,2015-11-13,2015,11,8.345383827500001,203.44307145496802,301.0,-97.55692854503198,-32.41093971595747,1,128168000.0,5.764033235,14.368535210000001,0.7
opex_minus_10,PIRAPORA 2,2015-11-13,2015,11,10.60583402,231.79854552070958,301.0,-69.20145447929042,-22.990516438302464,1,128168000.0,6.764033235,16.36853521,0.6
baseline,GUIMARANIA 1,2015-11-13,2015,11,10.60583402,243.0942422355975,290.0,-46.905757764402495,-16.17439922910431,1,129298000.0,6.764033235,16.36853521,0.6
capex_minus_10,GUIMARANIA 1,2015-11-13,2015,11,10.60583402,222.33338197115415,290.0,-67.66661802884585,-23.33331656167098,1,116368200.0,6.764033235,16.36853521,0.6
capex_minus_15,GUIMARANIA 1,2015-11-13,2015,11,10.60583402,211.95295183893245,290.0,-78.04704816106755,-26.912775227954327,1,109903300.0,6.764033235,16.36853521,0.6
coe_minus_200bps,GUIMARANIA 1,2015-11-13,2015,11,9.805834025000001,231.21835597590783,290.0,-58.781644024092174,-20.26953242210075,1,129298000.0,6.764033235,14.368535210000001,0.6
tech_premium_half,GUIMARANIA 1,2015-11-13,2015,11,9.312917011589999,224.0325532342483,290.0,-65.9674467657517,-22.747395436466107,1,129298000.0,5.692016617649999,14.7442676025,0.6
cod_minus_100bps,GUIMARANIA 1,2015-11-13,2015,11,10.005834025,234.1631664222124,290.0,-55.83683357778759,-19.254080544064685,1,129298000.0,5.764033235,16.36853521,0.6
cod_minus_200bps,GUIMARANIA 1,2015-11-13,2015,11,9.405834025,225.3791190827146,290.0,-64.6208809172854,-22.28306238527083,1,129298000.0,4.764033235,16.36853521,0.6
debt_share_plus_10pp,GUIMARANIA 1,2015-11-13,2015,11,9.645383827500002,228.867920038059,290.0,-61.132079961941,-21.080027573083104,1,129298000.0,6.764033235,16.36853521,0.7
combined_financing_relief,GUIMARANIA 1,2015-11-13,2015,11,8.345383827500001,210.2425122334381,290.0,-79.7574877665619,-27.502581988469622,1,129298000.0,5.764033235,14.368535210000001,0.7
opex_minus_10,GUIMARANIA 1,2015-11-13,2015,11,10.60583402,239.54567827648108,290.0,-50.454321723518916,-17.398041973627212,1,129298000.0,6.764033235,16.36853521,0.6
baseline,BOA HORA 3,2015-11-13,2015,11,10.60583402,436.89424436677893,291.75,145.14424436677893,49.74952677524557,0,150195000.0,6.764033235,16.36853521,0.6
capex_minus_10,BOA HORA 3,2015-11-13,2015,11,10.60583402,399.58237603857856,291.75,107.83237603857856,36.96054020174072,0,135175500.0,6.764033235,16.36853521,0.6
capex_minus_15,BOA HORA 3,2015-11-13,2015,11,10.60583402,380.9264418744783,291.75,89.17644187447831,30.56604691498828,0,127665750.0,6.764033235,16.36853521,0.6
coe_minus_200bps,BOA HORA 3,2015-11-13,2015,11,9.805834025000001,415.5506440169836,291.75,123.8006440169836,42.43381114549567,0,150195000.0,6.764033235,14.368535210000001,0.6
tech_premium_half,BOA HORA 3,2015-11-13,2015,11,9.312917011589999,402.636163484189,291.75,110.88616348418901,38.007253979156474,0,150195000.0,5.692016617649999,14.7442676025,0.6
cod_minus_100bps,BOA HORA 3,2015-11-13,2015,11,10.005834025,420.8431212180465,291.75,129.09312121804652,44.24785645862777,0,150195000.0,5.764033235,16.36853521,0.6
cod_minus_200bps,BOA HORA 3,2015-11-13,2015,11,9.405834025,405.0562408313342,291.75,113.30624083133421,38.836757782805215,0,150195000.0,4.764033235,16.36853521,0.6
debt_share_plus_10pp,BOA HORA 3,2015-11-13,2015,11,9.645383827500002,411.32638957329453,291.75,119.57638957329453,40.98590902255168,0,150195000.0,6.764033235,16.36853521,0.7
combined_financing_relief,BOA HORA 3,2015-11-13,2015,11,8.345383827500001,377.8524027195186,291.75,86.10240271951858,29.512391677641332,0,150195000.0,5.764033235,14.368535210000001,0.7
opex_minus_10,BOA HORA 3,2015-11-13,2015,11,10.60583402,430.5166882583015,291.75,138.76668825830149,47.56356067122587,0,150195000.0,6.764033235,16.36853521,0.6
baseline,FLORESTA III,2015-11-13,2015,11,10.60583402,245.25966086532642,292.81,-47.55033913467358,-16.23931530162002,1,100223590.0,6.764033235,16.36853521,0.6
capex_minus_10,FLORESTA III,2015-11-13,2015,11,10.60583402,224.31386840046665,292.81,-68.49613159953336,-23.392688637523772,1,90201231.0,6.764033235,16.36853521,0.6
capex_minus_15,FLORESTA III,2015-11-13,2015,11,10.60583402,213.84097216803676,292.81,-78.96902783196325,-26.969375305475644,1,85190051.5,6.764033235,16.36853521,0.6
coe_minus_200bps,FLORESTA III,2015-11-13,2015,11,9.805834025000001,233.27798738174755,292.81,-59.53201261825245,-20.331277148407654,1,100223590.0,6.764033235,14.368535210000001,0.6
tech_premium_half,FLORESTA III,2015-11-13,2015,11,9.312917011589999,226.02817542791382,292.81,-66.78182457208618,-22.807221260232293,1,100223590.0,5.692016617649999,14.7442676025,0.6
cod_minus_100bps,FLORESTA III,2015-11-13,2015,11,10.005834025,236.24902941322918,292.81,-56.56097058677082,-19.316611654919853,1,100223590.0,5.764033235,16.36853521,0.6
cod_minus_200bps,FLORESTA III,2015-11-13,2015,11,9.405834025,227.3867361254172,292.81,-65.4232638745828,-22.3432477970639,1,100223590.0,4.764033235,16.36853521,0.6
debt_share_plus_10pp,FLORESTA III,2015-11-13,2015,11,9.645383827500002,230.9066143881428,292.81,-61.9033856118572,-21.14114463708794,1,100223590.0,6.764033235,16.36853521,0.7
combined_financing_relief,FLORESTA III,2015-11-13,2015,11,8.345383827500001,212.1152964239047,292.81,-80.69470357609529,-27.55872530859441,1,100223590.0,5.764033235,14.368535210000001,0.7
opex_minus_10,FLORESTA III,2015-11-13,2015,11,10.60583402,241.67948724365357,292.81,-51.130512756346434,-17.462010435554262,1,100223590.0,6.764033235,16.36853521,0.6
baseline,FAZENDA ESMERALDA,2015-11-13,2015,11,10.60583402,382.23908550621417,294.0,88.23908550621417,30.013294389868765,0,153719890.0,6.764033235,16.36853521,0.6
capex_minus_10,FAZENDA ESMERALDA,2015-11-13,2015,11,10.60583402,349.5949053446619,294.0,55.594905344661925,18.909831749885008,0,138347901.0,6.764033235,16.36853521,0.6
capex_minus_15,FAZENDA ESMERALDA,2015-11-13,2015,11,10.60583402,333.27281526388583,294.0,39.27281526388583,13.358100429893142,0,130661906.5,6.764033235,16.36853521,0.6
coe_minus_200bps,FAZENDA ESMERALDA,2015-11-13,2015,11,9.805834025000001,363.565554367358,294.0,69.565554367358,23.661753186176192,0,153719890.0,6.764033235,14.368535210000001,0.6
tech_premium_half,FAZENDA ESMERALDA,2015-11-13,2015,11,9.312917011589999,352.2666661564575,294.0,58.26666615645752,19.818593930767864,0,153719890.0,5.692016617649999,14.7442676025,0.6
cod_minus_100bps,FAZENDA ESMERALDA,2015-11-13,2015,11,10.005834025,368.1959464378567,294.0,74.19594643785672,25.236716475461467,0,153719890.0,5.764033235,16.36853521,0.6
cod_minus_200bps,FAZENDA ESMERALDA,2015-11-13,2015,11,9.405834025,354.38399355012683,294.0,60.38399355012683,20.53877331636967,0,153719890.0,4.764033235,16.36853521,0.6
debt_share_plus_10pp,FAZENDA ESMERALDA,2015-11-13,2015,11,9.645383827500002,359.86975114767114,294.0,65.86975114767114,22.40467726111263,0,153719890.0,6.764033235,16.36853521,0.7
combined_financing_relief,FAZENDA ESMERALDA,2015-11-13,2015,11,8.345383827500001,330.58333622201155,294.0,36.58333622201155,12.443311640139983,0,153719890.0,5.764033235,14.368535210000001,0.7
opex_minus_10,FAZENDA ESMERALDA,2015-11-13,2015,11,10.60583402,376.65935711714496,294.0,82.65935711714496,28.115427590865632,0,153719890.0,6.764033235,16.36853521,0.6
baseline,BRISAS SUAVES,2015-11-13,2015,11,10.60583402,239.31753854350617,293.0,-53.682461456493826,-18.32165920016854,1,20180000.0,6.764033235,16.36853521,0.6
capex_minus_10,BRISAS SUAVES,2015-11-13,2015,11,10.60583402,218.87921828202892,293.0,-74.12078171797108,-25.2971951255874,1,18162000.0,6.764033235,16.36853521,0.6
capex_minus_15,BRISAS SUAVES,2015-11-13,2015,11,10.60583402,208.66005815129031,293.0,-84.33994184870969,-28.784963088296823,1,17153000.0,6.764033235,16.36853521,0.6
coe_minus_200bps,BRISAS SUAVES,2015-11-13,2015,11,9.805834025000001,227.62615563968103,293.0,-65.37384436031897,-22.311892273146405,1,20180000.0,6.764033235,14.368535210000001,0.6
tech_premium_half,BRISAS SUAVES,2015-11-13,2015,11,9.312917011589999,220.5519912794801,293.0,-72.44800872051991,-24.726282839767887,1,20180000.0,5.692016617649999,14.7442676025,0.6
cod_minus_100bps,BRISAS SUAVES,2015-11-13,2015,11,10.005834025,230.52521561331793,293.0,-62.474784386682074,-21.32245200910651,1,20180000.0,5.764033235,16.36853521,0.6
cod_minus_200bps,BRISAS SUAVES,2015-11-13,2015,11,9.405834025,221.87763692776076,293.0,-71.12236307223924,-24.273844051958786,1,20180000.0,4.764033235,16.36853521,0.6
debt_share_plus_10pp,BRISAS SUAVES,2015-11-13,2015,11,9.645383827500002,225.31223599281,293.0,-67.68776400719,-23.101625941020476,1,20180000.0,6.764033235,16.36853521,0.7
combined_financing_relief,BRISAS SUAVES,2015-11-13,2015,11,8.345383827500001,206.97619187601444,293.0,-86.02380812398556,-29.359661475762987,1,20180000.0,5.764033235,14.368535210000001,0.7
opex_minus_10,BRISAS SUAVES,2015-11-13,2015,11,10.60583402,235.8241049506328,293.0,-57.1758950493672,-19.513957354732835,1,20180000.0,6.764033235,16.36853521,0.6
baseline,GUIMARANIA 2,2015-11-13,2015,11,10.60583402,236.90868594737097,290.0,-53.09131405262903,-18.307349673320356,1,126008000.0,6.764033235,16.36853521,0.6
capex_minus_10,GUIMARANIA 2,2015-11-13,2015,11,10.60583402,216.67608776176888,290.0,-73.32391223823112,-25.28410766835556,1,113407200.0,6.764033235,16.36853521,0.6
capex_minus_15,GUIMARANIA 2,2015-11-13,2015,11,10.60583402,206.5597886689678,290.0,-83.4402113310322,-28.772486665873174,1,107106800.0,6.764033235,16.36853521,0.6
coe_minus_200bps,GUIMARANIA 2,2015-11-13,2015,11,9.805834025000001,225.33498275156762,290.0,-64.66501724843238,-22.29828180980427,1,126008000.0,6.764033235,14.368535210000001,0.6
tech_premium_half,GUIMARANIA 2,2015-11-13,2015,11,9.312917011589999,218.33202344925027,290.0,-71.66797655074973,-24.713095362327493,1,126008000.0,5.692016617649999,14.7442676025,0.6
cod_minus_100bps,GUIMARANIA 2,2015-11-13,2015,11,10.005834025,228.20486221387912,290.0,-61.795137786120875,-21.30866820211065,1,126008000.0,5.764033235,16.36853521,0.6
cod_minus_200bps,GUIMARANIA 2,2015-11-13,2015,11,9.405834025,219.64432580066742,290.0,-70.35567419933258,-24.260577310114684,1,126008000.0,4.764033235,16.36853521,0.6
debt_share_plus_10pp,GUIMARANIA 2,2015-11-13,2015,11,9.645383827500002,223.04435388138825,290.0,-66.95564611861175,-23.088153834004054,1,126008000.0,6.764033235,16.36853521,0.7
combined_financing_relief,GUIMARANIA 2,2015-11-13,2015,11,8.345383827500001,204.89287136313837,290.0,-85.10712863686163,-29.34728573684884,1,126008000.0,5.764033235,14.368535210000001,0.7
opex_minus_10,GUIMARANIA 2,2015-11-13,2015,11,10.60583402,233.45041553823592,290.0,-56.549584461764084,-19.499856710953132,1,126008000.0,6.764033235,16.36853521,0.6
baseline,PARACATU 1,2015-11-13,2015,11,10.60583402,228.38033777308547,298.0,-69.61966222691453,-23.36230276070957,1,125916000.0,6.764033235,16.36853521,0.6
capex_minus_10,PARACATU 1,2015-11-13,2015,11,10.60583402,208.87608199125478,298.0,-89.12391800874522,-29.907355036491683,1,113324400.0,6.764033235,16.36853521,0.6
capex_minus_15,PARACATU 1,2015-11-13,2015,11,10.60583402,199.12395410033946,298.0,-98.87604589966054,-33.17988117438273,1,107028600.0,6.764033235,16.36853521,0.6
coe_minus_200bps,PARACATU 1,2015-11-13,2015,11,9.805834025000001,217.22327008443958,298.0,-80.77672991556042,-27.1062852065639,1,125916000.0,6.764033235,14.368535210000001,0.6
tech_premium_half,PARACATU 1,2015-11-13,2015,11,9.312917011589999,210.47240654189423,298.0,-87.52759345810577,-29.371675657082474,1,125916000.0,5.692016617649999,14.7442676025,0.6
cod_minus_100bps,PARACATU 1,2015-11-13,2015,11,10.005834025,219.9898383018509,298.0,-78.01016169814909,-26.177906610117148,1,125916000.0,5.764033235,16.36853521,0.6
cod_minus_200bps,PARACATU 1,2015-11-13,2015,11,9.405834025,211.73746802783594,298.0,-86.26253197216406,-28.947158379920822,1,125916000.0,4.764033235,16.36853521,0.6
debt_share_plus_10pp,PARACATU 1,2015-11-13,2015,11,9.645383827500002,215.0151003291078,298.0,-82.98489967089219,-27.847281768755767,1,125916000.0,6.764033235,16.36853521,0.7
combined_financing_relief,PARACATU 1,2015-11-13,2015,11,8.345383827500001,197.51704325271558,298.0,-100.48295674728442,-33.71911300244443,1,125916000.0,5.764033235,14.368535210000001,0.7
opex_minus_10,PARACATU 1,2015-11-13,2015,11,10.60583402,225.04655977760763,298.0,-72.95344022239237,-24.481020208856503,1,125916000.0,6.764033235,16.36853521,0.6
baseline,PARACATU 2,2015-11-13,2015,11,10.60583402,228.05749000057358,298.0,-69.94250999942642,-23.470640939404838,1,125738000.0,6.764033235,16.36853521,0.6
capex_minus_10,PARACATU 2,2015-11-13,2015,11,10.60583402,208.5808062312684,298.0,-89.41919376873159,-30.006440861990463,1,113164200.0,6.764033235,16.36853521,0.6
capex_minus_15,PARACATU 2,2015-11-13,2015,11,10.60583402,198.84246434661586,298.0,-99.15753565338414,-33.274340823283275,1,106877300.0,6.764033235,16.36853521,0.6
coe_minus_200bps,PARACATU 2,2015-11-13,2015,11,9.805834025000001,216.91619439846616,298.0,-81.08380560153384,-27.209330738769744,1,125738000.0,6.764033235,14.368535210000001,0.6
tech_premium_half,PARACATU 2,2015-11-13,2015,11,9.312917011589999,210.1748741523293,298.0,-87.8251258476707,-29.471518740829094,1,125738000.0,5.692016617649999,14.7442676025,0.6
cod_minus_100bps,PARACATU 2,2015-11-13,2015,11,10.005834025,219.67885168205893,298.0,-78.32114831794107,-26.282264536221835,1,125738000.0,5.764033235,16.36853521,0.6
cod_minus_200bps,PARACATU 2,2015-11-13,2015,11,9.405834025,211.43814729568945,298.0,-86.56185270431055,-29.047601578627702,1,125738000.0,4.764033235,16.36853521,0.6
debt_share_plus_10pp,PARACATU 2,2015-11-13,2015,11,9.645383827500002,214.71114620208203,298.0,-83.28885379791797,-27.949279797959047,1,125738000.0,6.764033235,16.36853521,0.7
combined_financing_relief,PARACATU 2,2015-11-13,2015,11,8.345383827500001,197.2378250937923,298.0,-100.76217490620769,-33.81281037121063,1,125738000.0,5.764033235,14.368535210000001,0.7
opex_minus_10,PARACATU 2,2015-11-13,2015,11,10.60583402,224.7284247698214,298.0,-73.2715752301786,-24.587776922878724,1,125738000.0,6.764033235,16.36853521,0.6
baseline,PARACATU 3,2015-11-13,2015,11,10.60583402,228.05749000057358,298.0,-69.94250999942642,-23.470640939404838,1,125738000.0,6.764033235,16.36853521,0.6
capex_minus_10,PARACATU 3,2015-11-13,2015,11,10.60583402,208.5808062312684,298.0,-89.41919376873159,-30.006440861990463,1,113164200.0,6.764033235,16.36853521,0.6
capex_minus_15,PARACATU 3,2015-11-13,2015,11,10.60583402,198.84246434661586,298.0,-99.15753565338414,-33.274340823283275,1,106877300.0,6.764033235,16.36853521,0.6
coe_minus_200bps,PARACATU 3,2015-11-13,2015,11,9.805834025000001,216.91619439846616,298.0,-81.08380560153384,-27.209330738769744,1,125738000.0,6.764033235,14.368535210000001,0.6
tech_premium_half,PARACATU 3,2015-11-13,2015,11,9.312917011589999,210.1748741523293,298.0,-87.8251258476707,-29.471518740829094,1,125738000.0,5.692016617649999,14.7442676025,0.6
cod_minus_100bps,PARACATU 3,2015-11-13,2015,11,10.005834025,219.67885168205893,298.0,-78.32114831794107,-26.282264536221835,1,125738000.0,5.764033235,16.36853521,0.6
cod_minus_200bps,PARACATU 3,2015-11-13,2015,11,9.405834025,211.43814729568945,298.0,-86.56185270431055,-29.047601578627702,1,125738000.0,4.764033235,16.36853521,0.6
debt_share_plus_10pp,PARACATU 3,2015-11-13,2015,11,9.645383827500002,214.71114620208203,298.0,-83.28885379791797,-27.949279797959047,1,125738000.0,6.764033235,16.36853521,0.7
combined_financing_relief,PARACATU 3,2015-11-13,2015,11,8.345383827500001,197.2378250937923,298.0,-100.76217490620769,-33.81281037121063,1,125738000.0,5.764033235,14.368535210000001,0.7
opex_minus_10,PARACATU 3,2015-11-13,2015,11,10.60583402,224.7284247698214,298.0,-73.2715752301786,-24.587776922878724,1,125738000.0,6.764033235,16.36853521,0.6
baseline,PARACATU 4,2015-11-13,2015,11,10.60583402,228.05749000057358,298.0,-69.94250999942642,-23.470640939404838,1,125738000.0,6.764033235,16.36853521,0.6
capex_minus_10,PARACATU 4,2015-11-13,2015,11,10.60583402,208.5808062312684,298.0,-89.41919376873159,-30.006440861990463,1,113164200.0,6.764033235,16.36853521,0.6
capex_minus_15,PARACATU 4,2015-11-13,2015,11,10.60583402,198.84246434661586,298.0,-99.15753565338414,-33.274340823283275,1,106877300.0,6.764033235,16.36853521,0.6
coe_minus_200bps,PARACATU 4,2015-11-13,2015,11,9.805834025000001,216.91619439846616,298.0,-81.08380560153384,-27.209330738769744,1,125738000.0,6.764033235,14.368535210000001,0.6
tech_premium_half,PARACATU 4,2015-11-13,2015,11,9.312917011589999,210.1748741523293,298.0,-87.8251258476707,-29.471518740829094,1,125738000.0,5.692016617649999,14.7442676025,0.6
cod_minus_100bps,PARACATU 4,2015-11-13,2015,11,10.005834025,219.67885168205893,298.0,-78.32114831794107,-26.282264536221835,1,125738000.0,5.764033235,16.36853521,0.6
cod_minus_200bps,PARACATU 4,2015-11-13,2015,11,9.405834025,211.43814729568945,298.0,-86.56185270431055,-29.047601578627702,1,125738000.0,4.764033235,16.36853521,0.6
debt_share_plus_10pp,PARACATU 4,2015-11-13,2015,11,9.645383827500002,214.71114620208203,298.0,-83.28885379791797,-27.949279797959047,1,125738000.0,6.764033235,16.36853521,0.7
combined_financing_relief,PARACATU 4,2015-11-13,2015,11,8.345383827500001,197.2378250937923,298.0,-100.76217490620769,-33.81281037121063,1,125738000.0,5.764033235,14.368535210000001,0.7
opex_minus_10,PARACATU 4,2015-11-13,2015,11,10.60583402,224.7284247698214,298.0,-73.2715752301786,-24.587776922878724,1,125738000.0,6.764033235,16.36853521,0.6
baseline,SOL STEELCONS MIRACEMA 1,2015-11-13,2015,11,10.60583402,581.430801542608,295.99,285.440801542608,96.43596119551607,0,203655000.0,6.764033235,16.36853521,0.6
capex_minus_10,SOL STEELCONS MIRACEMA 1,2015-11-13,2015,11,10.60583402,531.7751473680817,295.99,235.78514736808165,79.65983559177054,0,183289500.0,6.764033235,16.36853521,0.6
capex_minus_15,SOL STEELCONS MIRACEMA 1,2015-11-13,2015,11,10.60583402,506.9473202808185,295.99,210.95732028081846,71.2717727898978,0,173106750.0,6.764033235,16.36853521,0.6
coe_minus_200bps,SOL STEELCONS MIRACEMA 1,2015-11-13,2015,11,9.805834025000001,553.0261548364626,295.99,257.03615483646263,86.83947256206717,0,203655000.0,6.764033235,14.368535210000001,0.6
tech_premium_half,SOL STEELCONS MIRACEMA 1,2015-11-13,2015,11,9.312917011589999,535.8392111664398,295.99,239.84921116643977,81.03287650476022,0,203655000.0,5.692016617649999,14.7442676025,0.6
cod_minus_100bps,SOL STEELCONS MIRACEMA 1,2015-11-13,2015,11,10.005834025,560.069528148968,295.99,264.07952814896794,89.21907096488663,0,203655000.0,5.764033235,16.36853521,0.6
cod_minus_200bps,SOL STEELCONS MIRACEMA 1,2015-11-13,2015,11,9.405834025,539.0599162452743,295.99,243.06991624527427,82.1209893054746,0,203655000.0,4.764033235,16.36853521,0.6
debt_share_plus_10pp,SOL STEELCONS MIRACEMA 1,2015-11-13,2015,11,9.645383827500002,547.4044015660028,295.99,251.41440156600277,84.94016742660318,0,203655000.0,6.764033235,16.36853521,0.7
combined_financing_relief,SOL STEELCONS MIRACEMA 1,2015-11-13,2015,11,8.345383827500001,502.85630495414097,295.99,206.86630495414096,69.88962632323421,0,203655000.0,5.764033235,14.368535210000001,0.7
opex_minus_10,SOL STEELCONS MIRACEMA 1,2015-11-13,2015,11,10.60583402,572.9433755628737,295.99,276.9533755628737,93.56849067971002,0,203655000.0,6.764033235,16.36853521,0.6
baseline,SOL STEELCONS MIRACEMA 2,2015-11-13,2015,11,10.60583402,581.430801542608,296.99,284.440801542608,95.77453838264185,0,203655000.0,6.764033235,16.36853521,0.6
capex_minus_10,SOL STEELCONS MIRACEMA 2,2015-11-13,2015,11,10.60583402,531.7751473680817,296.99,234.78514736808165,79.05489995221443,0,183289500.0,6.764033235,16.36853521,0.6
capex_minus_15,SOL STEELCONS MIRACEMA 2,2015-11-13,2015,11,10.60583402,506.9473202808185,296.99,209.95732028081846,70.69508073700072,0,173106750.0,6.764033235,16.36853521,0.6
coe_minus_200bps,SOL STEELCONS MIRACEMA 2,2015-11-13,2015,11,9.805834025000001,553.0261548364626,296.99,256.03615483646263,86.21036224669606,0,203655000.0,6.764033235,14.368535210000001,0.6
tech_premium_half,SOL STEELCONS MIRACEMA 2,2015-11-13,2015,11,9.312917011589999,535.8392111664398,296.99,238.84921116643977,80.4233176761641,0,203655000.0,5.692016617649999,14.7442676025,0.6
cod_minus_100bps,SOL STEELCONS MIRACEMA 2,2015-11-13,2015,11,10.005834025,560.069528148968,296.99,263.07952814896794,88.58194826390381,0,203655000.0,5.764033235,16.36853521,0.6
cod_minus_200bps,SOL STEELCONS MIRACEMA 2,2015-11-13,2015,11,9.405834025,539.0599162452743,296.99,242.06991624527427,81.50776667405444,0,203655000.0,4.764033235,16.36853521,0.6
debt_share_plus_10pp,SOL STEELCONS MIRACEMA 2,2015-11-13,2015,11,9.645383827500002,547.4044015660028,296.99,250.41440156600277,84.31745229334415,0,203655000.0,6.764033235,16.36853521,0.7
combined_financing_relief,SOL STEELCONS MIRACEMA 2,2015-11-13,2015,11,8.345383827500001,502.85630495414097,296.99,205.86630495414096,69.31758811883934,0,203655000.0,5.764033235,14.368535210000001,0.7
opex_minus_10,SOL STEELCONS MIRACEMA 2,2015-11-13,2015,11,10.60583402,572.9433755628737,296.99,275.9533755628737,92.91672297480511,0,203655000.0,6.764033235,16.36853521,0.6
baseline,SOL STEELCONS MIRACEMA 3,2015-11-13,2015,11,10.60583402,581.430801542608,301.49,279.940801542608,92.85243342817606,0,203655000.0,6.764033235,16.36853521,0.6
capex_minus_10,SOL STEELCONS MIRACEMA 3,2015-11-13,2015,11,10.60583402,531.7751473680817,301.49,230.28514736808165,76.38235011711222,0,183289500.0,6.764033235,16.36853521,0.6
capex_minus_15,SOL STEELCONS MIRACEMA 3,2015-11-13,2015,11,10.60583402,506.9473202808185,301.49,205.45732028081846,68.14730846158031,0,173106750.0,6.764033235,16.36853521,0.6
coe_minus_200bps,SOL STEELCONS MIRACEMA 3,2015-11-13,2015,11,9.805834025000001,553.0261548364626,301.49,251.53615483646263,83.43101092456222,0,203655000.0,6.764033235,14.368535210000001,0.6
tech_premium_half,SOL STEELCONS MIRACEMA 3,2015-11-13,2015,11,9.312917011589999,535.8392111664398,301.49,234.34921116643977,77.7303430184881,0,203655000.0,5.692016617649999,14.7442676025,0.6
cod_minus_100bps,SOL STEELCONS MIRACEMA 3,2015-11-13,2015,11,10.005834025,560.069528148968,301.49,258.57952814896794,85.76719896148063,0,203655000.0,5.764033235,16.36853521,0.6
cod_minus_200bps,SOL STEELCONS MIRACEMA 3,2015-11-13,2015,11,9.405834025,539.0599162452743,301.49,237.56991624527427,78.79860567357932,0,203655000.0,4.764033235,16.36853521,0.6
debt_share_plus_10pp,SOL STEELCONS MIRACEMA 3,2015-11-13,2015,11,9.645383827500002,547.4044015660028,301.49,245.91440156600277,81.56635429566577,0,203655000.0,6.764033235,16.36853521,0.7
combined_financing_relief,SOL STEELCONS MIRACEMA 3,2015-11-13,2015,11,8.345383827500001,502.85630495414097,301.49,201.36630495414096,66.79037611666755,0,203655000.0,5.764033235,14.368535210000001,0.7
opex_minus_10,SOL STEELCONS MIRACEMA 3,2015-11-13,2015,11,10.60583402,572.9433755628737,301.49,271.4533755628737,90.03727339642234,0,203655000.0,6.764033235,16.36853521,0.6
baseline,JUAZEIRO SOLAR I,2015-11-13,2015,11,10.60583402,216.58778396855857,301.02,-84.43221603144141,-28.048706408690922,1,122224000.0,6.764033235,16.36853521,0.6
capex_minus_10,JUAZEIRO SOLAR I,2015-11-13,2015,11,10.60583402,198.09064196879532,301.02,-102.92935803120466,-34.193528015150044,1,110001600.0,6.764033235,16.36853521,0.6
capex_minus_15,JUAZEIRO SOLAR I,2015-11-13,2015,11,10.60583402,188.8420709689137,301.02,-112.17792903108628,-37.26593881837961,1,103890400.0,6.764033235,16.36853521,0.6
coe_minus_200bps,JUAZEIRO SOLAR I,2015-11-13,2015,11,9.805834025000001,206.0068180682802,301.02,-95.01318193171977,-31.563743914596966,1,122224000.0,6.764033235,14.368535210000001,0.6
tech_premium_half,JUAZEIRO SOLAR I,2015-11-13,2015,11,9.312917011589999,199.6045393571997,301.02,-101.41546064280027,-33.690605488937706,1,122224000.0,5.692016617649999,14.7442676025,0.6
cod_minus_100bps,JUAZEIRO SOLAR I,2015-11-13,2015,11,10.005834025,208.63053289964353,301.02,-92.38946710035646,-30.69213577182794,1,122224000.0,5.764033235,16.36853521,0.6
cod_minus_200bps,JUAZEIRO SOLAR I,2015-11-13,2015,11,9.405834025,200.80427864516028,301.02,-100.2157213548397,-33.292047490146736,1,122224000.0,4.764033235,16.36853521,0.6
debt_share_plus_10pp,JUAZEIRO SOLAR I,2015-11-13,2015,11,9.645383827500002,203.91266846417173,301.02,-97.10733153582825,-32.259428455195085,1,122224000.0,6.764033235,16.36853521,0.7
combined_financing_relief,JUAZEIRO SOLAR I,2015-11-13,2015,11,8.345383827500001,187.31813391323035,301.02,-113.70186608676963,-37.77219656061711,1,122224000.0,5.764033235,14.368535210000001,0.7
opex_minus_10,JUAZEIRO SOLAR I,2015-11-13,2015,11,10.60583402,213.42614757146595,301.02,-87.59385242853403,-29.099014161362714,1,122224000.0,6.764033235,16.36853521,0.6
baseline,JUAZEIRO SOLAR II,2015-11-13,2015,11,10.60583402,216.58778396855857,301.02,-84.43221603144141,-28.048706408690922,1,122224000.0,6.764033235,16.36853521,0.6
capex_minus_10,JUAZEIRO SOLAR II,2015-11-13,2015,11,10.60583402,198.09064196879532,301.02,-102.92935803120466,-34.193528015150044,1,110001600.0,6.764033235,16.36853521,0.6
capex_minus_15,JUAZEIRO SOLAR II,2015-11-13,2015,11,10.60583402,188.8420709689137,301.02,-112.17792903108628,-37.26593881837961,1,103890400.0,6.764033235,16.36853521,0.6
coe_minus_200bps,JUAZEIRO SOLAR II,2015-11-13,2015,11,9.805834025000001,206.0068180682802,301.02,-95.01318193171977,-31.563743914596966,1,122224000.0,6.764033235,14.368535210000001,0.6
tech_premium_half,JUAZEIRO SOLAR II,2015-11-13,2015,11,9.312917011589999,199.6045393571997,301.02,-101.41546064280027,-33.690605488937706,1,122224000.0,5.692016617649999,14.7442676025,0.6
cod_minus_100bps,JUAZEIRO SOLAR II,2015-11-13,2015,11,10.005834025,208.63053289964353,301.02,-92.38946710035646,-30.69213577182794,1,122224000.0,5.764033235,16.36853521,0.6
cod_minus_200bps,JUAZEIRO SOLAR II,2015-11-13,2015,11,9.405834025,200.80427864516028,301.02,-100.2157213548397,-33.292047490146736,1,122224000.0,4.764033235,16.36853521,0.6
debt_share_plus_10pp,JUAZEIRO SOLAR II,2015-11-13,2015,11,9.645383827500002,203.91266846417173,301.02,-97.10733153582825,-32.259428455195085,1,122224000.0,6.764033235,16.36853521,0.7
combined_financing_relief,JUAZEIRO SOLAR II,2015-11-13,2015,11,8.345383827500001,187.31813391323035,301.02,-113.70186608676963,-37.77219656061711,1,122224000.0,5.764033235,14.368535210000001,0.7
opex_minus_10,JUAZEIRO SOLAR II,2015-11-13,2015,11,10.60583402,213.42614757146595,301.02,-87.59385242853403,-29.099014161362714,1,122224000.0,6.764033235,16.36853521,0.6
baseline,JUAZEIRO SOLAR IV,2015-11-13,2015,11,10.60583402,216.58778396855857,301.02,-84.43221603144141,-28.048706408690922,1,122224000.0,6.764033235,16.36853521,0.6
capex_minus_10,JUAZEIRO SOLAR IV,2015-11-13,2015,11,10.60583402,198.09064196879532,301.02,-102.92935803120466,-34.193528015150044,1,110001600.0,6.764033235,16.36853521,0.6
capex_minus_15,JUAZEIRO SOLAR IV,2015-11-13,2015,11,10.60583402,188.8420709689137,301.02,-112.17792903108628,-37.26593881837961,1,103890400.0,6.764033235,16.36853521,0.6
coe_minus_200bps,JUAZEIRO SOLAR IV,2015-11-13,2015,11,9.805834025000001,206.0068180682802,301.02,-95.01318193171977,-31.563743914596966,1,122224000.0,6.764033235,14.368535210000001,0.6
tech_premium_half,JUAZEIRO SOLAR IV,2015-11-13,2015,11,9.312917011589999,199.6045393571997,301.02,-101.41546064280027,-33.690605488937706,1,122224000.0,5.692016617649999,14.7442676025,0.6
cod_minus_100bps,JUAZEIRO SOLAR IV,2015-11-13,2015,11,10.005834025,208.63053289964353,301.02,-92.38946710035646,-30.69213577182794,1,122224000.0,5.764033235,16.36853521,0.6
cod_minus_200bps,JUAZEIRO SOLAR IV,2015-11-13,2015,11,9.405834025,200.80427864516028,301.02,-100.2157213548397,-33.292047490146736,1,122224000.0,4.764033235,16.36853521,0.6
debt_share_plus_10pp,JUAZEIRO SOLAR IV,2015-11-13,2015,11,9.645383827500002,203.91266846417173,301.02,-97.10733153582825,-32.259428455195085,1,122224000.0,6.764033235,16.36853521,0.7
combined_financing_relief,JUAZEIRO SOLAR IV,2015-11-13,2015,11,8.345383827500001,187.31813391323035,301.02,-113.70186608676963,-37.77219656061711,1,122224000.0,5.764033235,14.368535210000001,0.7
opex_minus_10,JUAZEIRO SOLAR IV,2015-11-13,2015,11,10.60583402,213.42614757146595,301.02,-87.59385242853403,-29.099014161362714,1,122224000.0,6.764033235,16.36853521,0.6
baseline,BJL 4,2015-11-13,2015,11,10.60583402,245.06993523557324,300.15,-55.08006476442674,-18.350846165059718,1,79481000.0,6.764033235,16.36853521,0.6
capex_minus_10,BJL 4,2015-11-13,2015,11,10.60583402,224.14034581522424,300.15,-76.00965418477574,-25.32388945020015,1,71532900.0,6.764033235,16.36853521,0.6
capex_minus_15,BJL 4,2015-11-13,2015,11,10.60583402,213.67555110504972,300.15,-86.47444889495026,-28.810411092770373,1,67558850.0,6.764033235,16.36853521,0.6
coe_minus_200bps,BJL 4,2015-11-13,2015,11,9.805834025000001,233.09753041939283,300.15,-67.05246958060715,-22.339653366852293,1,79481000.0,6.764033235,14.368535210000001,0.6
tech_premium_half,BJL 4,2015-11-13,2015,11,9.312917011589999,225.85332670515035,300.15,-74.29667329484963,-24.753181174362695,1,79481000.0,5.692016617649999,14.7442676025,0.6
cod_minus_100bps,BJL 4,2015-11-13,2015,11,10.005834025,236.06627414084,300.15,-64.08372585915998,-21.35056666971847,1,79481000.0,5.764033235,16.36853521,0.6
cod_minus_200bps,BJL 4,2015-11-13,2015,11,9.405834025,227.2108364603761,300.15,-72.93916353962388,-24.300904061177373,1,79481000.0,4.764033235,16.36853521,0.6
debt_share_plus_10pp,BJL 4,2015-11-13,2015,11,9.645383827500002,230.72799184963228,300.15,-69.4220081503677,-23.12910483104038,1,79481000.0,6.764033235,16.36853521,0.7
combined_financing_relief,BJL 4,2015-11-13,2015,11,8.345383827500001,211.95121029184102,300.15,-88.19878970815896,-29.384904117327658,1,79481000.0,5.764033235,14.368535210000001,0.7
opex_minus_10,BJL 4,2015-11-13,2015,11,10.60583402,241.49253113236492,300.15,-58.65746886763506,-19.542718263413313,1,79481000.0,6.764033235,16.36853521,0.6
baseline,BOA HORA 2,2015-11-13,2015,11,10.60583402,436.89424436677893,291.75,145.14424436677893,49.74952677524557,0,150195000.0,6.764033235,16.36853521,0.6
capex_minus_10,BOA HORA 2,2015-11-13,2015,11,10.60583402,399.58237603857856,291.75,107.83237603857856,36.96054020174072,0,135175500.0,6.764033235,16.36853521,0.6
capex_minus_15,BOA HORA 2,2015-11-13,2015,11,10.60583402,380.9264418744783,291.75,89.17644187447831,30.56604691498828,0,127665750.0,6.764033235,16.36853521,0.6
coe_minus_200bps,BOA HORA 2,2015-11-13,2015,11,9.805834025000001,415.5506440169836,291.75,123.8006440169836,42.43381114549567,0,150195000.0,6.764033235,14.368535210000001,0.6
tech_premium_half,BOA HORA 2,2015-11-13,2015,11,9.312917011589999,402.636163484189,291.75,110.88616348418901,38.007253979156474,0,150195000.0,5.692016617649999,14.7442676025,0.6
cod_minus_100bps,BOA HORA 2,2015-11-13,2015,11,10.005834025,420.8431212180465,291.75,129.09312121804652,44.24785645862777,0,150195000.0,5.764033235,16.36853521,0.6
cod_minus_200bps,BOA HORA 2,2015-11-13,2015,11,9.405834025,405.0562408313342,291.75,113.30624083133421,38.836757782805215,0,150195000.0,4.764033235,16.36853521,0.6
debt_share_plus_10pp,BOA HORA 2,2015-11-13,2015,11,9.645383827500002,411.32638957329453,291.75,119.57638957329453,40.98590902255168,0,150195000.0,6.764033235,16.36853521,0.7
combined_financing_relief,BOA HORA 2,2015-11-13,2015,11,8.345383827500001,377.8524027195186,291.75,86.10240271951858,29.512391677641332,0,150195000.0,5.764033235,14.368535210000001,0.7
opex_minus_10,BOA HORA 2,2015-11-13,2015,11,10.60583402,430.5166882583015,291.75,138.76668825830149,47.56356067122587,0,150195000.0,6.764033235,16.36853521,0.6
baseline,JUAZEIRO SOLAR III,2015-11-13,2015,11,10.60583402,216.58778396855857,301.02,-84.43221603144141,-28.048706408690922,1,122224000.0,6.764033235,16.36853521,0.6
capex_minus_10,JUAZEIRO SOLAR III,2015-11-13,2015,11,10.60583402,198.09064196879532,301.02,-102.92935803120466,-34.193528015150044,1,110001600.0,6.764033235,16.36853521,0.6
capex_minus_15,JUAZEIRO SOLAR III,2015-11-13,2015,11,10.60583402,188.8420709689137,301.02,-112.17792903108628,-37.26593881837961,1,103890400.0,6.764033235,16.36853521,0.6
coe_minus_200bps,JUAZEIRO SOLAR III,2015-11-13,2015,11,9.805834025000001,206.0068180682802,301.02,-95.01318193171977,-31.563743914596966,1,122224000.0,6.764033235,14.368535210000001,0.6
tech_premium_half,JUAZEIRO SOLAR III,2015-11-13,2015,11,9.312917011589999,199.6045393571997,301.02,-101.41546064280027,-33.690605488937706,1,122224000.0,5.692016617649999,14.7442676025,0.6
cod_minus_100bps,JUAZEIRO SOLAR III,2015-11-13,2015,11,10.005834025,208.63053289964353,301.02,-92.38946710035646,-30.69213577182794,1,122224000.0,5.764033235,16.36853521,0.6
cod_minus_200bps,JUAZEIRO SOLAR III,2015-11-13,2015,11,9.405834025,200.80427864516028,301.02,-100.2157213548397,-33.292047490146736,1,122224000.0,4.764033235,16.36853521,0.6
debt_share_plus_10pp,JUAZEIRO SOLAR III,2015-11-13,2015,11,9.645383827500002,203.91266846417173,301.02,-97.10733153582825,-32.259428455195085,1,122224000.0,6.764033235,16.36853521,0.7
combined_financing_relief,JUAZEIRO SOLAR III,2015-11-13,2015,11,8.345383827500001,187.31813391323035,301.02,-113.70186608676963,-37.77219656061711,1,122224000.0,5.764033235,14.368535210000001,0.7
opex_minus_10,JUAZEIRO SOLAR III,2015-11-13,2015,11,10.60583402,213.42614757146595,301.02,-87.59385242853403,-29.099014161362714,1,122224000.0,6.764033235,16.36853521,0.6
baseline,BOA HORA 1,2015-11-13,2015,11,10.60583402,436.89424436677893,291.75,145.14424436677893,49.74952677524557,0,150195000.0,6.764033235,16.36853521,0.6
capex_minus_10,BOA HORA 1,2015-11-13,2015,11,10.60583402,399.58237603857856,291.75,107.83237603857856,36.96054020174072,0,135175500.0,6.764033235,16.36853521,0.6
capex_minus_15,BOA HORA 1,2015-11-13,2015,11,10.60583402,380.9264418744783,291.75,89.17644187447831,30.56604691498828,0,127665750.0,6.764033235,16.36853521,0.6
coe_minus_200bps,BOA HORA 1,2015-11-13,2015,11,9.805834025000001,415.5506440169836,291.75,123.8006440169836,42.43381114549567,0,150195000.0,6.764033235,14.368535210000001,0.6
tech_premium_half,BOA HORA 1,2015-11-13,2015,11,9.312917011589999,402.636163484189,291.75,110.88616348418901,38.007253979156474,0,150195000.0,5.692016617649999,14.7442676025,0.6
cod_minus_100bps,BOA HORA 1,2015-11-13,2015,11,10.005834025,420.8431212180465,291.75,129.09312121804652,44.24785645862777,0,150195000.0,5.764033235,16.36853521,0.6
cod_minus_200bps,BOA HORA 1,2015-11-13,2015,11,9.405834025,405.0562408313342,291.75,113.30624083133421,38.836757782805215,0,150195000.0,4.764033235,16.36853521,0.6
debt_share_plus_10pp,BOA HORA 1,2015-11-13,2015,11,9.645383827500002,411.32638957329453,291.75,119.57638957329453,40.98590902255168,0,150195000.0,6.764033235,16.36853521,0.7
combined_financing_relief,BOA HORA 1,2015-11-13,2015,11,8.345383827500001,377.8524027195186,291.75,86.10240271951858,29.512391677641332,0,150195000.0,5.764033235,14.368535210000001,0.7
opex_minus_10,BOA HORA 1,2015-11-13,2015,11,10.60583402,430.5166882583015,291.75,138.76668825830149,47.56356067122587,0,150195000.0,6.764033235,16.36853521,0.6
baseline,APODI I,2015-11-13,2015,11,10.60583402,212.64674884976225,300.88,-88.23325115023775,-29.325063530390103,1,120000010.0,6.764033235,16.36853521,0.6
capex_minus_10,APODI I,2015-11-13,2015,11,10.60583402,194.48618116303123,300.88,-106.39381883696876,-35.360881027974195,1,108000009.0,6.764033235,16.36853521,0.6
capex_minus_15,APODI I,2015-11-13,2015,11,10.60583402,185.40589731966574,300.88,-115.47410268033425,-38.37878977676624,1,102000008.5,6.764033235,16.36853521,0.6
coe_minus_200bps,APODI I,2015-11-13,2015,11,9.805834025000001,202.25831438551262,300.88,-98.62168561448738,-32.77774714653263,1,120000010.0,6.764033235,14.368535210000001,0.6
tech_premium_half,APODI I,2015-11-13,2015,11,9.312917011589999,195.9725316470452,300.88,-104.9074683529548,-34.86687993650452,1,120000010.0,5.692016617649999,14.7442676025,0.6
cod_minus_100bps,APODI I,2015-11-13,2015,11,10.005834025,204.83428805705125,300.88,-96.04571194294874,-31.92160061916669,1,120000010.0,5.764033235,16.36853521,0.6
cod_minus_200bps,APODI I,2015-11-13,2015,11,9.405834025,197.1504404584634,300.88,-103.72955954153659,-34.4753920305559,1,120000010.0,4.764033235,16.36853521,0.6
debt_share_plus_10pp,APODI I,2015-11-13,2015,11,9.645383827500002,200.2022699633177,300.88,-100.6777300366823,-33.46109081251073,1,120000010.0,6.764033235,16.36853521,0.7
combined_financing_relief,APODI I,2015-11-13,2015,11,8.345383827500001,183.9096898459904,300.88,-116.97031015400958,-38.87606692169954,1,120000010.0,5.764033235,14.368535210000001,0.7
opex_minus_10,APODI I,2015-11-13,2015,11,10.60583402,209.54264165151702,300.88,-91.33735834848298,-30.35673967976701,1,120000010.0,6.764033235,16.36853521,0.6
baseline,APODI IV,2015-11-13,2015,11,10.60583402,212.64673121667616,300.88,-88.23326878332384,-29.325069390894654,1,120000000.0,6.764033235,16.36853521,0.6
capex_minus_10,APODI IV,2015-11-13,2015,11,10.60583402,194.48616504332568,300.88,-106.39383495667431,-35.36088638549399,1,108000000.0,6.764033235,16.36853521,0.6
capex_minus_15,APODI IV,2015-11-13,2015,11,10.60583402,185.40588195665043,300.88,-115.47411804334956,-38.37879488279366,1,102000000.0,6.764033235,16.36853521,0.6
coe_minus_200bps,APODI IV,2015-11-13,2015,11,9.805834025000001,202.25829761907343,300.88,-98.62170238092656,-32.777752718999785,1,120000000.0,6.764033235,14.368535210000001,0.6
tech_premium_half,APODI IV,2015-11-13,2015,11,9.312917011589999,195.9725154050265,300.88,-104.90748459497348,-34.86688533467611,1,120000000.0,5.692016617649999,14.7442676025,0.6
cod_minus_100bps,APODI IV,2015-11-13,2015,11,10.005834025,204.8342710757071,300.88,-96.04572892429289,-31.92160626305932,1,120000000.0,5.764033235,16.36853521,0.6
cod_minus_200bps,APODI IV,2015-11-13,2015,11,9.405834025,197.15042411817015,300.88,-103.72957588182985,-34.475397461389875,1,120000000.0,4.764033235,16.36853521,0.6
debt_share_plus_10pp,APODI IV,2015-11-13,2015,11,9.645383827500002,200.20225336841054,300.88,-100.67774663158946,-33.46109632796778,1,120000000.0,6.764033235,16.36853521,0.7
combined_financing_relief,APODI IV,2015-11-13,2015,11,8.345383827500001,183.90967461045003,300.88,-116.97032538954997,-38.8760719853596,1,120000000.0,5.764033235,14.368535210000001,0.7
opex_minus_10,APODI IV,2015-11-13,2015,11,10.60583402,209.54262426835905,300.88,-91.33737573164095,-30.356745457205847,1,120000000.0,6.764033235,16.36853521,0.6
baseline,ASSU V,2015-11-13,2015,11,10.60583402,251.00096284969118,302.99,-51.98903715030883,-17.158664361962057,1,149784370.0,6.764033235,16.36853521,0.6
capex_minus_10,ASSU V,2015-11-13,2015,11,10.60583402,229.56484873815864,302.99,-73.42515126184136,-24.23352297496332,1,134805933.0,6.764033235,16.36853521,0.6
capex_minus_15,ASSU V,2015-11-13,2015,11,10.60583402,218.84679168239236,302.99,-84.14320831760764,-27.770952281463956,1,127316714.5,6.764033235,16.36853521,0.6
coe_minus_200bps,ASSU V,2015-11-13,2015,11,9.805834025000001,238.73880946102796,302.99,-64.25119053897205,-21.205713237721394,1,149784370.0,6.764033235,14.368535210000001,0.6
tech_premium_half,ASSU V,2015-11-13,2015,11,9.312917011589999,231.31928610822442,302.99,-71.67071389177559,-23.65448163034278,1,149784370.0,5.692016617649999,14.7442676025,0.6
cod_minus_100bps,ASSU V,2015-11-13,2015,11,10.005834025,241.77940084120226,302.99,-61.21059915879775,-20.20218461295678,1,149784370.0,5.764033235,16.36853521,0.6
cod_minus_200bps,ASSU V,2015-11-13,2015,11,9.405834025,232.70964945633926,302.99,-70.28035054366075,-23.195600694300385,1,149784370.0,4.764033235,16.36853521,0.6
debt_share_plus_10pp,ASSU V,2015-11-13,2015,11,9.645383827500002,236.31192481680722,302.99,-66.67807518319279,-22.006691700449778,1,149784370.0,6.764033235,16.36853521,0.7
combined_financing_relief,ASSU V,2015-11-13,2015,11,8.345383827500001,217.0807194622736,302.99,-85.9092805377264,-28.35383363732348,1,149784370.0,5.764033235,14.368535210000001,0.7
opex_minus_10,ASSU V,2015-11-13,2015,11,10.60583402,247.33698067625457,302.99,-55.65301932374544,-18.36793931276459,1,149784370.0,6.764033235,16.36853521,0.6
baseline,APODI III,2015-11-13,2015,11,10.60583402,212.64673121667616,300.88,-88.23326878332384,-29.325069390894654,1,120000000.0,6.764033235,16.36853521,0.6
capex_minus_10,APODI III,2015-11-13,2015,11,10.60583402,194.48616504332568,300.88,-106.39383495667431,-35.36088638549399,1,108000000.0,6.764033235,16.36853521,0.6
capex_minus_15,APODI III,2015-11-13,2015,11,10.60583402,185.40588195665043,300.88,-115.47411804334956,-38.37879488279366,1,102000000.0,6.764033235,16.36853521,0.6
coe_minus_200bps,APODI III,2015-11-13,2015,11,9.805834025000001,202.25829761907343,300.88,-98.62170238092656,-32.777752718999785,1,120000000.0,6.764033235,14.368535210000001,0.6
tech_premium_half,APODI III,2015-11-13,2015,11,9.312917011589999,195.9725154050265,300.88,-104.90748459497348,-34.86688533467611,1,120000000.0,5.692016617649999,14.7442676025,0.6
cod_minus_100bps,APODI III,2015-11-13,2015,11,10.005834025,204.8342710757071,300.88,-96.04572892429289,-31.92160626305932,1,120000000.0,5.764033235,16.36853521,0.6
cod_minus_200bps,APODI III,2015-11-13,2015,11,9.405834025,197.15042411817015,300.88,-103.72957588182985,-34.475397461389875,1,120000000.0,4.764033235,16.36853521,0.6
debt_share_plus_10pp,APODI III,2015-11-13,2015,11,9.645383827500002,200.20225336841054,300.88,-100.67774663158946,-33.46109632796778,1,120000000.0,6.764033235,16.36853521,0.7
combined_financing_relief,APODI III,2015-11-13,2015,11,8.345383827500001,183.90967461045003,300.88,-116.97032538954997,-38.8760719853596,1,120000000.0,5.764033235,14.368535210000001,0.7
opex_minus_10,APODI III,2015-11-13,2015,11,10.60583402,209.54262426835905,300.88,-91.33737573164095,-30.356745457205847,1,120000000.0,6.764033235,16.36853521,0.6
baseline,APODI II,2015-11-13,2015,11,10.60583402,212.64673121667616,300.88,-88.23326878332384,-29.325069390894654,1,120000000.0,6.764033235,16.36853521,0.6
capex_minus_10,APODI II,2015-11-13,2015,11,10.60583402,194.48616504332568,300.88,-106.39383495667431,-35.36088638549399,1,108000000.0,6.764033235,16.36853521,0.6
capex_minus_15,APODI II,2015-11-13,2015,11,10.60583402,185.40588195665043,300.88,-115.47411804334956,-38.37879488279366,1,102000000.0,6.764033235,16.36853521,0.6
coe_minus_200bps,APODI II,2015-11-13,2015,11,9.805834025000001,202.25829761907343,300.88,-98.62170238092656,-32.777752718999785,1,120000000.0,6.764033235,14.368535210000001,0.6
tech_premium_half,APODI II,2015-11-13,2015,11,9.312917011589999,195.9725154050265,300.88,-104.90748459497348,-34.86688533467611,1,120000000.0,5.692016617649999,14.7442676025,0.6
cod_minus_100bps,APODI II,2015-11-13,2015,11,10.005834025,204.8342710757071,300.88,-96.04572892429289,-31.92160626305932,1,120000000.0,5.764033235,16.36853521,0.6
cod_minus_200bps,APODI II,2015-11-13,2015,11,9.405834025,197.15042411817015,300.88,-103.72957588182985,-34.475397461389875,1,120000000.0,4.764033235,16.36853521,0.6
debt_share_plus_10pp,APODI II,2015-11-13,2015,11,9.645383827500002,200.20225336841054,300.88,-100.67774663158946,-33.46109632796778,1,120000000.0,6.764033235,16.36853521,0.7
combined_financing_relief,APODI II,2015-11-13,2015,11,8.345383827500001,183.90967461045003,300.88,-116.97032538954997,-38.8760719853596,1,120000000.0,5.764033235,14.368535210000001,0.7
opex_minus_10,APODI II,2015-11-13,2015,11,10.60583402,209.54262426835905,300.88,-91.33737573164095,-30.356745457205847,1,120000000.0,6.764033235,16.36853521,0.6
baseline,NOVA CRUZ,2015-11-13,2015,11,10.60583402,377.8046057868015,292.6,85.2046057868015,29.11982426069771,0,171541250.0,6.764033235,16.36853521,0.6
capex_minus_10,NOVA CRUZ,2015-11-13,2015,11,10.60583402,345.539141343786,292.6,52.93914134378599,18.092666214554338,0,154387125.0,6.764033235,16.36853521,0.6
capex_minus_15,NOVA CRUZ,2015-11-13,2015,11,10.60583402,329.4064091222782,292.6,36.80640912227818,12.579087191482632,0,145810062.5,6.764033235,16.36853521,0.6
coe_minus_200bps,NOVA CRUZ,2015-11-13,2015,11,9.805834025000001,359.3477123357143,292.6,66.74771233571425,22.811931762034945,0,171541250.0,6.764033235,14.368535210000001,0.6
tech_premium_half,NOVA CRUZ,2015-11-13,2015,11,9.312917011589999,348.1799061894248,292.6,55.579906189424776,18.99518324997429,0,171541250.0,5.692016617649999,14.7442676025,0.6
cod_minus_100bps,NOVA CRUZ,2015-11-13,2015,11,10.005834025,363.9243857268722,292.6,71.32438572687215,24.376071676989795,0,171541250.0,5.764033235,16.36853521,0.6
cod_minus_200bps,NOVA CRUZ,2015-11-13,2015,11,9.405834025,350.2726697816831,292.6,57.672669781683055,19.71041345922182,0,171541250.0,4.764033235,16.36853521,0.6
debt_share_plus_10pp,NOVA CRUZ,2015-11-13,2015,11,9.645383827500002,355.69478532715965,292.6,63.09478532715963,21.563494643595224,0,171541250.0,6.764033235,16.36853521,0.7
combined_financing_relief,NOVA CRUZ,2015-11-13,2015,11,8.345383827500001,326.74813159394927,292.6,34.148131593949245,11.670584960338088,0,171541250.0,5.764033235,14.368535210000001,0.7
opex_minus_10,NOVA CRUZ,2015-11-13,2015,11,10.60583402,372.2896096511369,292.6,79.68960965113689,27.234999880771323,0,171541250.0,6.764033235,16.36853521,0.6
baseline,AGUA VERMELHA IV,2017-12-18,2017,12,10.0147157,323.82163365728394,145.49,178.33163365728393,122.57312094115329,0,87173010.0,6.751497941,14.90954234,0.6
capex_minus_10,AGUA VERMELHA IV,2017-12-18,2017,12,10.0147157,296.3828465006369,145.49,150.8928465006369,103.71355179093882,0,78455709.0,6.751497941,14.90954234,0.6
capex_minus_15,AGUA VERMELHA IV,2017-12-18,2017,12,10.0147157,282.6634529223134,145.49,137.1734529223134,94.2837672158316,0,74097058.5,6.751497941,14.90954234,0.6
coe_minus_200bps,AGUA VERMELHA IV,2017-12-18,2017,12,9.2147157006,307.67742806095765,145.49,162.18742806095764,111.47668435009803,0,87173010.0,6.751497941,12.90954234,0.6
tech_premium_half,AGUA VERMELHA IV,2017-12-18,2017,12,8.72935784933,298.0717169947474,145.49,152.5817169947474,104.87436730685779,0,87173010.0,5.68574897055,13.2947711675,0.6
cod_minus_100bps,AGUA VERMELHA IV,2017-12-18,2017,12,9.4147157006,311.677970676275,145.49,166.18797067627497,114.22638715806926,0,87173010.0,5.751497941,14.90954234,0.6
cod_minus_200bps,AGUA VERMELHA IV,2017-12-18,2017,12,8.8147157006,299.7502759113502,145.49,154.26027591135016,106.0280953408139,0,87173010.0,4.751497941,14.90954234,0.6
debt_share_plus_10pp,AGUA VERMELHA IV,2017-12-18,2017,12,9.198911260700001,307.36233370127786,145.49,161.87233370127785,111.26010976787259,0,87173010.0,6.751497941,14.90954234,0.7
combined_financing_relief,AGUA VERMELHA IV,2017-12-18,2017,12,7.8989112607,281.9909542065441,145.49,136.50095420654407,93.82153701735106,0,87173010.0,5.751497941,12.90954234,0.7
opex_minus_10,AGUA VERMELHA IV,2017-12-18,2017,12,10.0147157,318.8782574482026,145.49,173.38825744820258,119.17537799725244,0,87173010.0,6.751497941,14.90954234,0.6
baseline,AGUA VERMELHA V,2017-12-18,2017,12,10.0147157,327.92062296674766,145.49,182.43062296674765,125.39048935785802,0,174346010.0,6.751497941,14.90954234,0.6
capex_minus_10,AGUA VERMELHA V,2017-12-18,2017,12,10.0147157,300.13451098413,145.49,154.64451098412997,106.29219257964806,0,156911409.0,6.751497941,14.90954234,0.6
capex_minus_15,AGUA VERMELHA V,2017-12-18,2017,12,10.0147157,286.24145499282116,145.49,140.75145499282115,96.74304419054309,0,148194108.5,6.751497941,14.90954234,0.6
coe_minus_200bps,AGUA VERMELHA V,2017-12-18,2017,12,9.2147157006,311.57206127634277,145.49,166.08206127634276,114.15359218938947,0,174346010.0,6.751497941,12.90954234,0.6
tech_premium_half,AGUA VERMELHA V,2017-12-18,2017,12,8.72935784933,301.84475948942435,145.49,156.35475948942434,107.46770189664193,0,174346010.0,5.68574897055,13.2947711675,0.6
cod_minus_100bps,AGUA VERMELHA V,2017-12-18,2017,12,9.4147157006,315.62324343896165,145.49,170.13324343896164,116.93810120211812,0,174346010.0,5.751497941,14.90954234,0.6
cod_minus_200bps,AGUA VERMELHA V,2017-12-18,2017,12,8.8147157006,303.54456588963257,145.49,158.05456588963256,108.63603401583102,0,174346010.0,4.751497941,14.90954234,0.6
debt_share_plus_10pp,AGUA VERMELHA V,2017-12-18,2017,12,9.198911260700001,311.25297839878795,145.49,165.76297839878794,113.93427616935041,0,174346010.0,6.751497941,14.90954234,0.7
combined_financing_relief,AGUA VERMELHA V,2017-12-18,2017,12,7.8989112607,285.5604436771087,145.49,140.0704436771087,96.27496300577957,0,174346010.0,5.751497941,12.90954234,0.7
opex_minus_10,AGUA VERMELHA V,2017-12-18,2017,12,10.0147157,322.9146726526905,145.49,177.4246726526905,121.94973720028214,0,174346010.0,6.751497941,14.90954234,0.6
baseline,AGUA VERMELHA VI,2017-12-18,2017,12,10.0147157,327.92062296674766,146.66,181.26062296674766,123.59240622306538,0,174346010.0,6.751497941,14.90954234,0.6
capex_minus_10,AGUA VERMELHA VI,2017-12-18,2017,12,10.0147157,300.13451098413,146.66,153.47451098412998,104.64646869230192,0,156911409.0,6.751497941,14.90954234,0.6
capex_minus_15,AGUA VERMELHA VI,2017-12-18,2017,12,10.0147157,286.24145499282116,146.66,139.58145499282116,95.1734999269202,0,148194108.5,6.751497941,14.90954234,0.6
coe_minus_200bps,AGUA VERMELHA VI,2017-12-18,2017,12,9.2147157006,311.57206127634277,146.66,164.91206127634277,112.44515292263928,0,174346010.0,6.751497941,12.90954234,0.6
tech_premium_half,AGUA VERMELHA VI,2017-12-18,2017,12,8.72935784933,301.84475948942435,146.66,155.18475948942435,105.81260022461771,0,174346010.0,5.68574897055,13.2947711675,0.6
cod_minus_100bps,AGUA VERMELHA VI,2017-12-18,2017,12,9.4147157006,315.62324343896165,146.66,168.96324343896165,115.20744813784376,0,174346010.0,5.751497941,14.90954234,0.6
cod_minus_200bps,AGUA VERMELHA VI,2017-12-18,2017,12,8.8147157006,303.54456588963257,146.66,156.88456588963257,106.97161181619568,0,174346010.0,4.751497941,14.90954234,0.6
debt_share_plus_10pp,AGUA VERMELHA VI,2017-12-18,2017,12,9.198911260700001,311.25297839878795,146.66,164.59297839878795,112.22758652583387,0,174346010.0,6.751497941,14.90954234,0.7
combined_financing_relief,AGUA VERMELHA VI,2017-12-18,2017,12,7.8989112607,285.5604436771087,146.66,138.9004436771087,94.70915292316154,0,174346010.0,5.751497941,12.90954234,0.7
opex_minus_10,AGUA VERMELHA VI,2017-12-18,2017,12,10.0147157,322.9146726526905,146.66,176.25467265269052,120.17910313152225,0,174346010.0,6.751497941,14.90954234,0.6
baseline,SAO GONCALO 1,2017-12-18,2017,12,10.0147157,354.97795612472476,146.67,208.30795612472477,142.02492406403817,0,243678800.0,6.751497941,14.90954234,0.6
capex_minus_10,SAO GONCALO 1,2017-12-18,2017,12,10.0147157,324.89916099150474,146.67,178.22916099150476,121.51712074146369,0,219310920.0,6.751497941,14.90954234,0.6
capex_minus_15,SAO GONCALO 1,2017-12-18,2017,12,10.0147157,309.8597634248947,146.67,163.18976342489472,111.2632190801764,0,207126980.0,6.751497941,14.90954234,0.6
coe_minus_200bps,SAO GONCALO 1,2017-12-18,2017,12,9.2147157006,337.2804445731568,146.67,190.6104445731568,129.95871314730812,0,243678800.0,6.751497941,12.90954234,0.6
tech_premium_half,SAO GONCALO 1,2017-12-18,2017,12,8.72935784933,326.75052524452695,146.67,180.08052524452697,122.77938586249878,0,243678800.0,5.68574897055,13.2947711675,0.6
cod_minus_100bps,SAO GONCALO 1,2017-12-18,2017,12,9.4147157006,341.665897218966,146.67,194.995897218966,132.9487265418736,0,243678800.0,5.751497941,14.90954234,0.6
cod_minus_200bps,SAO GONCALO 1,2017-12-18,2017,12,8.8147157006,328.590585793747,146.67,181.920585793747,124.03394408791641,0,243678800.0,4.751497941,14.90954234,0.6
debt_share_plus_10pp,SAO GONCALO 1,2017-12-18,2017,12,9.198911260700001,336.93503358114657,146.67,190.26503358114658,129.7232110050771,0,243678800.0,6.751497941,14.90954234,0.7
combined_financing_relief,SAO GONCALO 1,2017-12-18,2017,12,7.8989112607,309.12256061658746,146.67,162.45256061658748,110.7605922251227,0,243678800.0,5.751497941,12.90954234,0.7
opex_minus_10,SAO GONCALO 1,2017-12-18,2017,12,10.0147157,349.55895564547234,146.67,202.88895564547235,138.3302349802089,0,243678800.0,6.751497941,14.90954234,0.6
baseline,SAO GONCALO 2,2017-12-18,2017,12,10.0147157,354.97795612472476,146.67,208.30795612472477,142.02492406403817,0,243678800.0,6.751497941,14.90954234,0.6
capex_minus_10,SAO GONCALO 2,2017-12-18,2017,12,10.0147157,324.89916099150474,146.67,178.22916099150476,121.51712074146369,0,219310920.0,6.751497941,14.90954234,0.6
capex_minus_15,SAO GONCALO 2,2017-12-18,2017,12,10.0147157,309.8597634248947,146.67,163.18976342489472,111.2632190801764,0,207126980.0,6.751497941,14.90954234,0.6
coe_minus_200bps,SAO GONCALO 2,2017-12-18,2017,12,9.2147157006,337.2804445731568,146.67,190.6104445731568,129.95871314730812,0,243678800.0,6.751497941,12.90954234,0.6
tech_premium_half,SAO GONCALO 2,2017-12-18,2017,12,8.72935784933,326.75052524452695,146.67,180.08052524452697,122.77938586249878,0,243678800.0,5.68574897055,13.2947711675,0.6
cod_minus_100bps,SAO GONCALO 2,2017-12-18,2017,12,9.4147157006,341.665897218966,146.67,194.995897218966,132.9487265418736,0,243678800.0,5.751497941,14.90954234,0.6
cod_minus_200bps,SAO GONCALO 2,2017-12-18,2017,12,8.8147157006,328.590585793747,146.67,181.920585793747,124.03394408791641,0,243678800.0,4.751497941,14.90954234,0.6
debt_share_plus_10pp,SAO GONCALO 2,2017-12-18,2017,12,9.198911260700001,336.93503358114657,146.67,190.26503358114658,129.7232110050771,0,243678800.0,6.751497941,14.90954234,0.7
combined_financing_relief,SAO GONCALO 2,2017-12-18,2017,12,7.8989112607,309.12256061658746,146.67,162.45256061658748,110.7605922251227,0,243678800.0,5.751497941,12.90954234,0.7
opex_minus_10,SAO GONCALO 2,2017-12-18,2017,12,10.0147157,349.55895564547234,146.67,202.88895564547235,138.3302349802089,0,243678800.0,6.751497941,14.90954234,0.6
baseline,SAO GONCALO 3,2017-12-18,2017,12,10.0147157,354.97795612472476,146.67,208.30795612472477,142.02492406403817,0,243678800.0,6.751497941,14.90954234,0.6
capex_minus_10,SAO GONCALO 3,2017-12-18,2017,12,10.0147157,324.89916099150474,146.67,178.22916099150476,121.51712074146369,0,219310920.0,6.751497941,14.90954234,0.6
capex_minus_15,SAO GONCALO 3,2017-12-18,2017,12,10.0147157,309.8597634248947,146.67,163.18976342489472,111.2632190801764,0,207126980.0,6.751497941,14.90954234,0.6
coe_minus_200bps,SAO GONCALO 3,2017-12-18,2017,12,9.2147157006,337.2804445731568,146.67,190.6104445731568,129.95871314730812,0,243678800.0,6.751497941,12.90954234,0.6
tech_premium_half,SAO GONCALO 3,2017-12-18,2017,12,8.72935784933,326.75052524452695,146.67,180.08052524452697,122.77938586249878,0,243678800.0,5.68574897055,13.2947711675,0.6
cod_minus_100bps,SAO GONCALO 3,2017-12-18,2017,12,9.4147157006,341.665897218966,146.67,194.995897218966,132.9487265418736,0,243678800.0,5.751497941,14.90954234,0.6
cod_minus_200bps,SAO GONCALO 3,2017-12-18,2017,12,8.8147157006,328.590585793747,146.67,181.920585793747,124.03394408791641,0,243678800.0,4.751497941,14.90954234,0.6
debt_share_plus_10pp,SAO GONCALO 3,2017-12-18,2017,12,9.198911260700001,336.93503358114657,146.67,190.26503358114658,129.7232110050771,0,243678800.0,6.751497941,14.90954234,0.7
combined_financing_relief,SAO GONCALO 3,2017-12-18,2017,12,7.8989112607,309.12256061658746,146.67,162.45256061658748,110.7605922251227,0,243678800.0,5.751497941,12.90954234,0.7
opex_minus_10,SAO GONCALO 3,2017-12-18,2017,12,10.0147157,349.55895564547234,146.67,202.88895564547235,138.3302349802089,0,243678800.0,6.751497941,14.90954234,0.6
baseline,SAO GONCALO 4,2017-12-18,2017,12,10.0147157,354.97795612472476,146.67,208.30795612472477,142.02492406403817,0,243678800.0,6.751497941,14.90954234,0.6
capex_minus_10,SAO GONCALO 4,2017-12-18,2017,12,10.0147157,324.89916099150474,146.67,178.22916099150476,121.51712074146369,0,219310920.0,6.751497941,14.90954234,0.6
capex_minus_15,SAO GONCALO 4,2017-12-18,2017,12,10.0147157,309.8597634248947,146.67,163.18976342489472,111.2632190801764,0,207126980.0,6.751497941,14.90954234,0.6
coe_minus_200bps,SAO GONCALO 4,2017-12-18,2017,12,9.2147157006,337.2804445731568,146.67,190.6104445731568,129.95871314730812,0,243678800.0,6.751497941,12.90954234,0.6
tech_premium_half,SAO GONCALO 4,2017-12-18,2017,12,8.72935784933,326.75052524452695,146.67,180.08052524452697,122.77938586249878,0,243678800.0,5.68574897055,13.2947711675,0.6
cod_minus_100bps,SAO GONCALO 4,2017-12-18,2017,12,9.4147157006,341.665897218966,146.67,194.995897218966,132.9487265418736,0,243678800.0,5.751497941,14.90954234,0.6
cod_minus_200bps,SAO GONCALO 4,2017-12-18,2017,12,8.8147157006,328.590585793747,146.67,181.920585793747,124.03394408791641,0,243678800.0,4.751497941,14.90954234,0.6
debt_share_plus_10pp,SAO GONCALO 4,2017-12-18,2017,12,9.198911260700001,336.93503358114657,146.67,190.26503358114658,129.7232110050771,0,243678800.0,6.751497941,14.90954234,0.7
combined_financing_relief,SAO GONCALO 4,2017-12-18,2017,12,7.8989112607,309.12256061658746,146.67,162.45256061658748,110.7605922251227,0,243678800.0,5.751497941,12.90954234,0.7
opex_minus_10,SAO GONCALO 4,2017-12-18,2017,12,10.0147157,349.55895564547234,146.67,202.88895564547235,138.3302349802089,0,243678800.0,6.751497941,14.90954234,0.6
baseline,SAO GONCALO 5,2017-12-18,2017,12,10.0147157,354.97795612472476,146.67,208.30795612472477,142.02492406403817,0,243678800.0,6.751497941,14.90954234,0.6
capex_minus_10,SAO GONCALO 5,2017-12-18,2017,12,10.0147157,324.89916099150474,146.67,178.22916099150476,121.51712074146369,0,219310920.0,6.751497941,14.90954234,0.6
capex_minus_15,SAO GONCALO 5,2017-12-18,2017,12,10.0147157,309.8597634248947,146.67,163.18976342489472,111.2632190801764,0,207126980.0,6.751497941,14.90954234,0.6
coe_minus_200bps,SAO GONCALO 5,2017-12-18,2017,12,9.2147157006,337.2804445731568,146.67,190.6104445731568,129.95871314730812,0,243678800.0,6.751497941,12.90954234,0.6
tech_premium_half,SAO GONCALO 5,2017-12-18,2017,12,8.72935784933,326.75052524452695,146.67,180.08052524452697,122.77938586249878,0,243678800.0,5.68574897055,13.2947711675,0.6
cod_minus_100bps,SAO GONCALO 5,2017-12-18,2017,12,9.4147157006,341.665897218966,146.67,194.995897218966,132.9487265418736,0,243678800.0,5.751497941,14.90954234,0.6
cod_minus_200bps,SAO GONCALO 5,2017-12-18,2017,12,8.8147157006,328.590585793747,146.67,181.920585793747,124.03394408791641,0,243678800.0,4.751497941,14.90954234,0.6
debt_share_plus_10pp,SAO GONCALO 5,2017-12-18,2017,12,9.198911260700001,336.93503358114657,146.67,190.26503358114658,129.7232110050771,0,243678800.0,6.751497941,14.90954234,0.7
combined_financing_relief,SAO GONCALO 5,2017-12-18,2017,12,7.8989112607,309.12256061658746,146.67,162.45256061658748,110.7605922251227,0,243678800.0,5.751497941,12.90954234,0.7
opex_minus_10,SAO GONCALO 5,2017-12-18,2017,12,10.0147157,349.55895564547234,146.67,202.88895564547235,138.3302349802089,0,243678800.0,6.751497941,14.90954234,0.6
baseline,SAO GONCALO 21,2017-12-18,2017,12,10.0147157,354.97795612472476,145.99,208.98795612472475,143.15224064985597,0,243678800.0,6.751497941,14.90954234,0.6
capex_minus_10,SAO GONCALO 21,2017-12-18,2017,12,10.0147157,324.89916099150474,145.99,178.90916099150473,122.5489149883586,0,219310920.0,6.751497941,14.90954234,0.6
capex_minus_15,SAO GONCALO 21,2017-12-18,2017,12,10.0147157,309.8597634248947,145.99,163.8697634248947,112.24725215760989,0,207126980.0,6.751497941,14.90954234,0.6
coe_minus_200bps,SAO GONCALO 21,2017-12-18,2017,12,9.2147157006,337.2804445731568,145.99,191.29044457315678,131.02982709305894,0,243678800.0,6.751497941,12.90954234,0.6
tech_premium_half,SAO GONCALO 21,2017-12-18,2017,12,8.72935784933,326.75052524452695,145.99,180.76052524452695,123.81705955512497,0,243678800.0,5.68574897055,13.2947711675,0.6
cod_minus_100bps,SAO GONCALO 21,2017-12-18,2017,12,9.4147157006,341.665897218966,145.99,195.67589721896599,134.03376753131445,0,243678800.0,5.751497941,14.90954234,0.6
cod_minus_200bps,SAO GONCALO 21,2017-12-18,2017,12,8.8147157006,328.590585793747,145.99,182.60058579374697,125.07746132868482,0,243678800.0,4.751497941,14.90954234,0.6
debt_share_plus_10pp,SAO GONCALO 21,2017-12-18,2017,12,9.198911260700001,336.93503358114657,145.99,190.94503358114656,130.79322801640288,0,243678800.0,6.751497941,14.90954234,0.7
combined_financing_relief,SAO GONCALO 21,2017-12-18,2017,12,7.8989112607,309.12256061658746,145.99,163.13256061658745,111.74228414041198,0,243678800.0,5.751497941,12.90954234,0.7
opex_minus_10,SAO GONCALO 21,2017-12-18,2017,12,10.0147157,349.55895564547234,145.99,203.56895564547233,139.44034224636778,0,243678800.0,6.751497941,14.90954234,0.6
baseline,SAO GONCALO 22,2017-12-18,2017,12,10.0147157,354.97795612472476,145.0,209.97795612472476,144.81238353429293,0,243678800.0,6.751497941,14.90954234,0.6
capex_minus_10,SAO GONCALO 22,2017-12-18,2017,12,10.0147157,324.89916099150474,145.0,179.89916099150474,124.06838689069292,0,219310920.0,6.751497941,14.90954234,0.6
capex_minus_15,SAO GONCALO 22,2017-12-18,2017,12,10.0147157,309.8597634248947,145.0,164.8597634248947,113.6963885688929,0,207126980.0,6.751497941,14.90954234,0.6
coe_minus_200bps,SAO GONCALO 22,2017-12-18,2017,12,9.2147157006,337.2804445731568,145.0,192.28044457315679,132.60720315390122,0,243678800.0,6.751497941,12.90954234,0.6
tech_premium_half,SAO GONCALO 22,2017-12-18,2017,12,8.72935784933,326.75052524452695,145.0,181.75052524452695,125.3451898238117,0,243678800.0,5.68574897055,13.2947711675,0.6
cod_minus_100bps,SAO GONCALO 22,2017-12-18,2017,12,9.4147157006,341.665897218966,145.0,196.665897218966,135.6316532544593,0,243678800.0,5.751497941,14.90954234,0.6
cod_minus_200bps,SAO GONCALO 22,2017-12-18,2017,12,8.8147157006,328.590585793747,145.0,183.59058579374698,126.61419709913584,0,243678800.0,4.751497941,14.90954234,0.6
debt_share_plus_10pp,SAO GONCALO 22,2017-12-18,2017,12,9.198911260700001,336.93503358114657,145.0,191.93503358114657,132.3689886766528,0,243678800.0,6.751497941,14.90954234,0.7
combined_financing_relief,SAO GONCALO 22,2017-12-18,2017,12,7.8989112607,309.12256061658746,145.0,164.12256061658746,113.18797283902585,0,243678800.0,5.751497941,12.90954234,0.7
opex_minus_10,SAO GONCALO 22,2017-12-18,2017,12,10.0147157,349.55895564547234,145.0,204.55895564547234,141.07514182446369,0,243678800.0,6.751497941,14.90954234,0.6
baseline,SAO GONCALO 10,2017-12-18,2017,12,10.0147157,354.97795612472476,145.5,209.47795612472476,143.9711038657902,0,243678800.0,6.751497941,14.90954234,0.6
capex_minus_10,SAO GONCALO 10,2017-12-18,2017,12,10.0147157,324.89916099150474,145.5,179.39916099150474,123.29839243402387,0,219310920.0,6.751497941,14.90954234,0.6
capex_minus_15,SAO GONCALO 10,2017-12-18,2017,12,10.0147157,309.8597634248947,145.5,164.3597634248947,112.9620367181407,0,207126980.0,6.751497941,14.90954234,0.6
coe_minus_200bps,SAO GONCALO 10,2017-12-18,2017,12,9.2147157006,337.2804445731568,145.5,191.78044457315679,131.8078656860184,0,243678800.0,6.751497941,12.90954234,0.6
tech_premium_half,SAO GONCALO 10,2017-12-18,2017,12,8.72935784933,326.75052524452695,145.5,181.25052524452695,124.57080772819722,0,243678800.0,5.68574897055,13.2947711675,0.6
cod_minus_100bps,SAO GONCALO 10,2017-12-18,2017,12,9.4147157006,341.665897218966,145.5,196.165897218966,134.82192248726187,0,243678800.0,5.751497941,14.90954234,0.6
cod_minus_200bps,SAO GONCALO 10,2017-12-18,2017,12,8.8147157006,328.590585793747,145.5,183.09058579374698,125.83545415377799,0,243678800.0,4.751497941,14.90954234,0.6
debt_share_plus_10pp,SAO GONCALO 10,2017-12-18,2017,12,9.198911260700001,336.93503358114657,145.5,191.43503358114657,131.570469815221,0,243678800.0,6.751497941,14.90954234,0.7
combined_financing_relief,SAO GONCALO 10,2017-12-18,2017,12,7.8989112607,309.12256061658746,145.5,163.62256061658746,112.45536812136596,0,243678800.0,5.751497941,12.90954234,0.7
opex_minus_10,SAO GONCALO 10,2017-12-18,2017,12,10.0147157,349.55895564547234,145.5,204.05895564547234,140.24670491097754,0,243678800.0,6.751497941,14.90954234,0.6
baseline,SOLAR SALGUEIRO,2017-12-18,2017,12,10.0147157,257.4373914507046,143.7,113.73739145070459,79.14919377223703,0,149000000.0,6.751497941,14.90954234,0.6
capex_minus_10,SOLAR SALGUEIRO,2017-12-18,2017,12,10.0147157,235.62362408063717,143.7,91.92362408063718,63.96911905402727,0,134100000.0,6.751497941,14.90954234,0.6
capex_minus_15,SOLAR SALGUEIRO,2017-12-18,2017,12,10.0147157,224.71674039560347,143.7,81.01674039560348,56.3790816949224,0,126650000.0,6.751497941,14.90954234,0.6
coe_minus_200bps,SOLAR SALGUEIRO,2017-12-18,2017,12,9.2147157006,244.60278825939585,143.7,100.90278825939586,70.21766754307298,0,149000000.0,6.751497941,12.90954234,0.6
tech_premium_half,SOLAR SALGUEIRO,2017-12-18,2017,12,8.72935784933,236.9662719149652,143.7,93.26627191496522,64.9034599269069,0,149000000.0,5.68574897055,13.2947711675,0.6
cod_minus_100bps,SOLAR SALGUEIRO,2017-12-18,2017,12,9.4147157006,247.78320966266492,143.7,104.08320966266493,72.43090442774178,0,149000000.0,5.751497941,14.90954234,0.6
cod_minus_200bps,SOLAR SALGUEIRO,2017-12-18,2017,12,8.8147157006,238.3007220679355,143.7,94.60072206793552,65.83209608067887,0,149000000.0,4.751497941,14.90954234,0.6
debt_share_plus_10pp,SOLAR SALGUEIRO,2017-12-18,2017,12,9.198911260700001,244.3522890291823,143.7,100.6522890291823,70.04334657563139,0,149000000.0,6.751497941,14.90954234,0.7
combined_financing_relief,SOLAR SALGUEIRO,2017-12-18,2017,12,7.8989112607,224.18210559812283,143.7,80.48210559812284,56.00703242736454,0,149000000.0,5.751497941,12.90954234,0.7
opex_minus_10,SOLAR SALGUEIRO,2017-12-18,2017,12,10.0147157,253.50741967570156,143.7,109.80741967570157,76.4143491132231,0,149000000.0,6.751497941,14.90954234,0.6
baseline,SOLAR SALGUEIRO II,2017-12-18,2017,12,10.0147157,251.58654164500672,145.98,105.60654164500673,72.34315772366539,0,149000000.0,6.751497941,14.90954234,0.6
capex_minus_10,SOLAR SALGUEIRO II,2017-12-18,2017,12,10.0147157,230.2685417151681,145.98,84.28854171516812,57.739787447025705,0,134100000.0,6.751497941,14.90954234,0.6
capex_minus_15,SOLAR SALGUEIRO II,2017-12-18,2017,12,10.0147157,219.6095417502488,145.98,73.62954175024882,50.438102308705865,0,126650000.0,6.751497941,14.90954234,0.6
coe_minus_200bps,SOLAR SALGUEIRO II,2017-12-18,2017,12,9.2147157006,239.04363398077317,145.98,93.06363398077318,63.75094806190792,0,149000000.0,6.751497941,12.90954234,0.6
tech_premium_half,SOLAR SALGUEIRO II,2017-12-18,2017,12,8.72935784933,231.58067482598864,145.98,85.60067482598865,58.63863188518198,0,149000000.0,5.68574897055,13.2947711675,0.6
cod_minus_100bps,SOLAR SALGUEIRO II,2017-12-18,2017,12,9.4147157006,242.1517730794225,145.98,96.17177307942251,65.88010212318298,0,149000000.0,5.751497941,14.90954234,0.6
cod_minus_200bps,SOLAR SALGUEIRO II,2017-12-18,2017,12,8.8147157006,232.88479656639146,145.98,86.90479656639147,59.53198833154643,0,149000000.0,4.751497941,14.90954234,0.6
debt_share_plus_10pp,SOLAR SALGUEIRO II,2017-12-18,2017,12,9.198911260700001,238.79882791488265,145.98,92.81882791488266,63.583249701933596,0,149000000.0,6.751497941,14.90954234,0.7
combined_financing_relief,SOLAR SALGUEIRO II,2017-12-18,2017,12,7.8989112607,219.0870577436201,145.98,73.10705774362012,50.080187521318074,0,149000000.0,5.751497941,12.90954234,0.7
opex_minus_10,SOLAR SALGUEIRO II,2017-12-18,2017,12,10.0147157,247.74588741034464,145.98,101.76588741034465,69.71221222793852,0,149000000.0,6.751497941,14.90954234,0.6
baseline,SOLAR SALGUEIRO III,2017-12-18,2017,12,10.0147157,251.58654164500672,146.66,104.92654164500672,71.54407585231606,0,149000000.0,6.751497941,14.90954234,0.6
capex_minus_10,SOLAR SALGUEIRO III,2017-12-18,2017,12,10.0147157,230.2685417151681,146.66,83.60854171516812,57.00841518830501,0,134100000.0,6.751497941,14.90954234,0.6
capex_minus_15,SOLAR SALGUEIRO III,2017-12-18,2017,12,10.0147157,219.6095417502488,146.66,72.94954175024881,49.74058485629948,0,126650000.0,6.751497941,14.90954234,0.6
coe_minus_200bps,SOLAR SALGUEIRO III,2017-12-18,2017,12,9.2147157006,239.04363398077317,146.66,92.38363398077317,62.9917046098276,0,149000000.0,6.751497941,12.90954234,0.6
tech_premium_half,SOLAR SALGUEIRO III,2017-12-18,2017,12,8.72935784933,231.58067482598864,146.66,84.92067482598864,57.903092067358955,0,149000000.0,5.68574897055,13.2947711675,0.6
cod_minus_100bps,SOLAR SALGUEIRO III,2017-12-18,2017,12,9.4147157006,242.1517730794225,146.66,95.4917730794225,65.11098668991035,0,149000000.0,5.751497941,14.90954234,0.6
cod_minus_200bps,SOLAR SALGUEIRO III,2017-12-18,2017,12,8.8147157006,232.88479656639146,146.66,86.22479656639146,58.79230640010328,0,149000000.0,4.751497941,14.90954234,0.6
debt_share_plus_10pp,SOLAR SALGUEIRO III,2017-12-18,2017,12,9.198911260700001,238.79882791488265,146.66,92.13882791488265,62.824783795774344,0,149000000.0,6.751497941,14.90954234,0.7
combined_financing_relief,SOLAR SALGUEIRO III,2017-12-18,2017,12,7.8989112607,219.0870577436201,146.66,72.42705774362011,49.384329567448596,0,149000000.0,5.751497941,12.90954234,0.7
opex_minus_10,SOLAR SALGUEIRO III,2017-12-18,2017,12,10.0147157,247.74588741034464,146.66,101.08588741034464,68.92532893109549,0,149000000.0,6.751497941,14.90954234,0.6
baseline,SERTAO SOLAR BARREIRAS I,2017-12-18,2017,12,10.0147157,337.9328702908168,143.5,194.43287029081682,135.49328940126608,0,154652000.0,6.751497941,14.90954234,0.6
capex_minus_10,SERTAO SOLAR BARREIRAS I,2017-12-18,2017,12,10.0147157,309.29837792868227,143.5,165.79837792868227,115.53893932312353,0,139186800.0,6.751497941,14.90954234,0.6
capex_minus_15,SERTAO SOLAR BARREIRAS I,2017-12-18,2017,12,10.0147157,294.981131747615,143.5,151.481131747615,105.56176428405226,0,131454200.0,6.751497941,14.90954234,0.6
coe_minus_200bps,SERTAO SOLAR BARREIRAS I,2017-12-18,2017,12,9.2147157006,321.08514560311085,143.5,177.58514560311085,123.7527147060006,0,154652000.0,6.751497941,12.90954234,0.6
tech_premium_half,SERTAO SOLAR BARREIRAS I,2017-12-18,2017,12,8.72935784933,311.0608446546204,143.5,167.56084465462038,116.76713913213963,0,154652000.0,5.68574897055,13.2947711675,0.6
cod_minus_100bps,SERTAO SOLAR BARREIRAS I,2017-12-18,2017,12,9.4147157006,325.26002061829246,143.5,181.76002061829246,126.6620352740714,0,154652000.0,5.751497941,14.90954234,0.6
cod_minus_200bps,SERTAO SOLAR BARREIRAS I,2017-12-18,2017,12,8.8147157006,312.8125504496182,143.5,169.3125504496182,117.98784003457715,0,154652000.0,4.751497941,14.90954234,0.6
debt_share_plus_10pp,SERTAO SOLAR BARREIRAS I,2017-12-18,2017,12,9.198911260700001,320.7563203171076,143.5,177.25632031710762,123.52356816523181,0,154652000.0,6.751497941,14.90954234,0.7
combined_financing_relief,SERTAO SOLAR BARREIRAS I,2017-12-18,2017,12,7.8989112607,294.27932743452794,143.5,150.77932743452794,105.07270204496722,0,154652000.0,5.751497941,12.90954234,0.7
opex_minus_10,SERTAO SOLAR BARREIRAS I,2017-12-18,2017,12,10.0147157,332.77407562386975,143.5,189.27407562386975,131.89831053928205,0,154652000.0,6.751497941,14.90954234,0.6
baseline,SERTAO SOLAR BARREIRAS II,2017-12-18,2017,12,10.0147157,337.9328702908168,143.5,194.43287029081682,135.49328940126608,0,154652000.0,6.751497941,14.90954234,0.6
capex_minus_10,SERTAO SOLAR BARREIRAS II,2017-12-18,2017,12,10.0147157,309.29837792868227,143.5,165.79837792868227,115.53893932312353,0,139186800.0,6.751497941,14.90954234,0.6
capex_minus_15,SERTAO SOLAR BARREIRAS II,2017-12-18,2017,12,10.0147157,294.981131747615,143.5,151.481131747615,105.56176428405226,0,131454200.0,6.751497941,14.90954234,0.6
coe_minus_200bps,SERTAO SOLAR BARREIRAS II,2017-12-18,2017,12,9.2147157006,321.08514560311085,143.5,177.58514560311085,123.7527147060006,0,154652000.0,6.751497941,12.90954234,0.6
tech_premium_half,SERTAO SOLAR BARREIRAS II,2017-12-18,2017,12,8.72935784933,311.0608446546204,143.5,167.56084465462038,116.76713913213963,0,154652000.0,5.68574897055,13.2947711675,0.6
cod_minus_100bps,SERTAO SOLAR BARREIRAS II,2017-12-18,2017,12,9.4147157006,325.26002061829246,143.5,181.76002061829246,126.6620352740714,0,154652000.0,5.751497941,14.90954234,0.6
cod_minus_200bps,SERTAO SOLAR BARREIRAS II,2017-12-18,2017,12,8.8147157006,312.8125504496182,143.5,169.3125504496182,117.98784003457715,0,154652000.0,4.751497941,14.90954234,0.6
debt_share_plus_10pp,SERTAO SOLAR BARREIRAS II,2017-12-18,2017,12,9.198911260700001,320.7563203171076,143.5,177.25632031710762,123.52356816523181,0,154652000.0,6.751497941,14.90954234,0.7
combined_financing_relief,SERTAO SOLAR BARREIRAS II,2017-12-18,2017,12,7.8989112607,294.27932743452794,143.5,150.77932743452794,105.07270204496722,0,154652000.0,5.751497941,12.90954234,0.7
opex_minus_10,SERTAO SOLAR BARREIRAS II,2017-12-18,2017,12,10.0147157,332.77407562386975,143.5,189.27407562386975,131.89831053928205,0,154652000.0,6.751497941,14.90954234,0.6
baseline,SERTAO SOLAR BARREIRAS III,2017-12-18,2017,12,10.0147157,337.9328702908168,146.6,191.33287029081683,130.51355408650534,0,154652000.0,6.751497941,14.90954234,0.6
capex_minus_10,SERTAO SOLAR BARREIRAS III,2017-12-18,2017,12,10.0147157,309.29837792868227,146.6,162.69837792868228,110.98115820510388,0,139186800.0,6.751497941,14.90954234,0.6
capex_minus_15,SERTAO SOLAR BARREIRAS III,2017-12-18,2017,12,10.0147157,294.981131747615,146.6,148.381131747615,101.21496026440315,0,131454200.0,6.751497941,14.90954234,0.6
coe_minus_200bps,SERTAO SOLAR BARREIRAS III,2017-12-18,2017,12,9.2147157006,321.08514560311085,146.6,174.48514560311085,119.02124529543714,0,154652000.0,6.751497941,12.90954234,0.6
tech_premium_half,SERTAO SOLAR BARREIRAS III,2017-12-18,2017,12,8.72935784933,311.0608446546204,146.6,164.4608446546204,112.18338653111897,0,154652000.0,5.68574897055,13.2947711675,0.6
cod_minus_100bps,SERTAO SOLAR BARREIRAS III,2017-12-18,2017,12,9.4147157006,325.26002061829246,146.6,178.66002061829246,121.86904544221859,0,154652000.0,5.751497941,14.90954234,0.6
cod_minus_200bps,SERTAO SOLAR BARREIRAS III,2017-12-18,2017,12,8.8147157006,312.8125504496182,146.6,166.2125504496182,113.3782745222498,0,154652000.0,4.751497941,14.90954234,0.6
debt_share_plus_10pp,SERTAO SOLAR BARREIRAS III,2017-12-18,2017,12,9.198911260700001,320.7563203171076,146.6,174.15632031710763,118.79694428179239,0,154652000.0,6.751497941,14.90954234,0.7
combined_financing_relief,SERTAO SOLAR BARREIRAS III,2017-12-18,2017,12,7.8989112607,294.27932743452794,146.6,147.67932743452795,100.73623972341608,0,154652000.0,5.751497941,12.90954234,0.7
opex_minus_10,SERTAO SOLAR BARREIRAS III,2017-12-18,2017,12,10.0147157,332.77407562386975,146.6,186.17407562386975,126.99459455925633,0,154652000.0,6.751497941,14.90954234,0.6
baseline,SERTAO SOLAR BARREIRAS IV,2017-12-18,2017,12,10.0147157,337.9328702908168,146.6,191.33287029081683,130.51355408650534,0,154652000.0,6.751497941,14.90954234,0.6
capex_minus_10,SERTAO SOLAR BARREIRAS IV,2017-12-18,2017,12,10.0147157,309.29837792868227,146.6,162.69837792868228,110.98115820510388,0,139186800.0,6.751497941,14.90954234,0.6
capex_minus_15,SERTAO SOLAR BARREIRAS IV,2017-12-18,2017,12,10.0147157,294.981131747615,146.6,148.381131747615,101.21496026440315,0,131454200.0,6.751497941,14.90954234,0.6
coe_minus_200bps,SERTAO SOLAR BARREIRAS IV,2017-12-18,2017,12,9.2147157006,321.08514560311085,146.6,174.48514560311085,119.02124529543714,0,154652000.0,6.751497941,12.90954234,0.6
tech_premium_half,SERTAO SOLAR BARREIRAS IV,2017-12-18,2017,12,8.72935784933,311.0608446546204,146.6,164.4608446546204,112.18338653111897,0,154652000.0,5.68574897055,13.2947711675,0.6
cod_minus_100bps,SERTAO SOLAR BARREIRAS IV,2017-12-18,2017,12,9.4147157006,325.26002061829246,146.6,178.66002061829246,121.86904544221859,0,154652000.0,5.751497941,14.90954234,0.6
cod_minus_200bps,SERTAO SOLAR BARREIRAS IV,2017-12-18,2017,12,8.8147157006,312.8125504496182,146.6,166.2125504496182,113.3782745222498,0,154652000.0,4.751497941,14.90954234,0.6
debt_share_plus_10pp,SERTAO SOLAR BARREIRAS IV,2017-12-18,2017,12,9.198911260700001,320.7563203171076,146.6,174.15632031710763,118.79694428179239,0,154652000.0,6.751497941,14.90954234,0.7
combined_financing_relief,SERTAO SOLAR BARREIRAS IV,2017-12-18,2017,12,7.8989112607,294.27932743452794,146.6,147.67932743452795,100.73623972341608,0,154652000.0,5.751497941,12.90954234,0.7
opex_minus_10,SERTAO SOLAR BARREIRAS IV,2017-12-18,2017,12,10.0147157,332.77407562386975,146.6,186.17407562386975,126.99459455925633,0,154652000.0,6.751497941,14.90954234,0.6
baseline,BRIGIDA,2017-12-18,2017,12,10.0147157,317.99638689689675,144.9,173.09638689689675,119.4592042076582,0,190470790.0,6.751497941,14.90954234,0.6
capex_minus_10,BRIGIDA,2017-12-18,2017,12,10.0147157,291.051197745901,144.9,146.151197745901,100.86349050786818,0,171423711.0,6.751497941,14.90954234,0.6
capex_minus_15,BRIGIDA,2017-12-18,2017,12,10.0147157,277.5786031704031,144.9,132.67860317040308,91.56563365797314,0,161900171.5,6.751497941,14.90954234,0.6
coe_minus_200bps,BRIGIDA,2017-12-18,2017,12,9.2147157006,302.14260039645137,144.9,157.24260039645137,108.51801269596366,0,190470790.0,6.751497941,12.90954234,0.6
tech_premium_half,BRIGIDA,2017-12-18,2017,12,8.72935784933,292.7096870506386,144.9,147.8096870506386,102.00806559740411,0,190470790.0,5.68574897055,13.2947711675,0.6
cod_minus_100bps,BRIGIDA,2017-12-18,2017,12,9.4147157006,306.07117700745005,144.9,161.17117700745004,111.22924569182197,0,190470790.0,5.751497941,14.90954234,0.6
cod_minus_200bps,BRIGIDA,2017-12-18,2017,12,8.8147157006,294.35805026882883,144.9,149.45805026882883,103.14565235944018,0,190470790.0,4.751497941,14.90954234,0.6
debt_share_plus_10pp,BRIGIDA,2017-12-18,2017,12,9.198911260700001,301.8331742883646,144.9,156.9331742883646,108.30446810791207,0,190470790.0,6.751497941,14.90954234,0.7
combined_financing_relief,BRIGIDA,2017-12-18,2017,12,7.8989112607,276.91820208211715,144.9,132.01820208211714,91.10987031202012,0,190470790.0,5.751497941,12.90954234,0.7
opex_minus_10,BRIGIDA,2017-12-18,2017,12,10.0147157,313.1419373582029,144.9,168.24193735820288,116.10899748668244,0,190470790.0,6.751497941,14.90954234,0.6
baseline,BRIGIDA 2,2017-12-18,2017,12,10.0147157,355.1099690844139,143.6,211.50996908441388,147.29106482201524,0,212700770.0,6.751497941,14.90954234,0.6
capex_minus_10,BRIGIDA 2,2017-12-18,2017,12,10.0147157,325.01998793710806,143.6,181.41998793710806,126.33703895341787,0,191430693.0,6.751497941,14.90954234,0.6
capex_minus_15,BRIGIDA 2,2017-12-18,2017,12,10.0147157,309.97499736345515,143.6,166.37499736345515,115.8600260191192,0,180795654.5,6.751497941,14.90954234,0.6
coe_minus_200bps,BRIGIDA 2,2017-12-18,2017,12,9.2147157006,337.40587599969274,143.6,193.80587599969274,134.9623091919866,0,212700770.0,6.751497941,12.90954234,0.6
tech_premium_half,BRIGIDA 2,2017-12-18,2017,12,8.72935784933,326.8720406960733,143.6,183.27204069607333,127.62676928695915,0,212700770.0,5.68574897055,13.2947711675,0.6
cod_minus_100bps,BRIGIDA 2,2017-12-18,2017,12,9.4147157006,341.7929595528639,143.6,198.19295955286393,138.0173813042228,0,212700770.0,5.751497941,14.90954234,0.6
cod_minus_200bps,BRIGIDA 2,2017-12-18,2017,12,8.8147157006,328.71278554598433,143.6,185.11278554598434,128.9086250320225,0,212700770.0,4.751497941,14.90954234,0.6
debt_share_plus_10pp,BRIGIDA 2,2017-12-18,2017,12,9.198911260700001,337.0603365526806,143.6,193.46033655268062,134.72168283612856,0,212700770.0,6.751497941,14.90954234,0.7
combined_financing_relief,BRIGIDA 2,2017-12-18,2017,12,7.8989112607,309.23752039891696,143.6,165.63752039891696,115.3464626733405,0,212700770.0,5.751497941,12.90954234,0.7
opex_minus_10,BRIGIDA 2,2017-12-18,2017,12,10.0147157,349.6889533232784,143.6,206.0889533232784,143.51598420841114,0,212700770.0,6.751497941,14.90954234,0.6
baseline,ALEX I,2018-04-04,2018,4,8.846560977,197.28693429560474,118.0,79.28693429560474,67.19231719966503,0,146000000.0,5.613781714,13.69572987,0.6
capex_minus_10,ALEX I,2018-04-04,2018,4,8.846560977,180.85828302184754,118.0,62.85828302184754,53.26973137444707,0,131400000.0,5.613781714,13.69572987,0.6
capex_minus_15,ALEX I,2018-04-04,2018,4,8.846560977,172.64395738496896,118.0,54.64395738496896,46.308438461838094,0,124100000.0,5.613781714,13.69572987,0.6
coe_minus_200bps,ALEX I,2018-04-04,2018,4,8.0465609764,187.0661381659778,118.0,69.0661381659778,58.530625564387975,0,146000000.0,5.613781714,11.69572987,0.6
tech_premium_half,ALEX I,2018-04-04,2018,4,7.57068048826,181.12140143152553,118.0,63.12140143152553,53.492713077564005,0,146000000.0,4.5558908571,12.092864935,0.6
cod_minus_100bps,ALEX I,2018-04-04,2018,4,8.2465609764,189.59518792153995,118.0,71.59518792153995,60.67388806910164,0,146000000.0,4.613781714,13.69572987,0.6
cod_minus_200bps,ALEX I,2018-04-04,2018,4,7.6465609764,182.06230335985998,118.0,64.06230335985998,54.290087593101674,0,146000000.0,3.613781714,13.69572987,0.6
debt_share_plus_10pp,ALEX I,2018-04-04,2018,4,8.038366160799999,186.9628938693415,118.0,68.96289386934151,58.44313039774705,0,146000000.0,5.613781714,13.69572987,0.7
combined_financing_relief,ALEX I,2018-04-04,2018,4,6.7383661608,170.98205465128734,118.0,52.98205465128734,44.90004631465029,0,146000000.0,4.613781714,11.69572987,0.7
opex_minus_10,ALEX I,2018-04-04,2018,4,8.846560977,193.98689213980143,118.0,75.98689213980143,64.39567130491646,0,146000000.0,5.613781714,13.69572987,0.6
baseline,ALEX III,2018-04-04,2018,4,8.846560977,185.8010511345592,118.0,67.8010511345592,57.458517910643394,0,137500000.0,5.613781714,13.69572987,0.6
capex_minus_10,ALEX III,2018-04-04,2018,4,8.846560977,170.32886243495912,118.0,52.32886243495912,44.346493588948405,0,123750000.0,5.613781714,13.69572987,0.6
capex_minus_15,ALEX III,2018-04-04,2018,4,8.846560977,162.59276808515907,118.0,44.592768085159065,37.790481428100904,0,116875000.0,5.613781714,13.69572987,0.6
coe_minus_200bps,ALEX III,2018-04-04,2018,4,8.0465609764,176.17530135494488,118.0,58.17530135494488,49.30110284317363,0,137500000.0,5.613781714,11.69572987,0.6
tech_premium_half,ALEX III,2018-04-04,2018,4,7.57068048826,170.5766623070874,118.0,52.57666230708739,44.55649348058253,0,137500000.0,4.5558908571,12.092864935,0.6
cod_minus_100bps,ALEX III,2018-04-04,2018,4,8.2465609764,178.5571119124092,118.0,60.5571119124092,51.319586366448476,0,137500000.0,4.613781714,13.69572987,0.6
cod_minus_200bps,ALEX III,2018-04-04,2018,4,7.6465609764,171.4627856984983,118.0,53.462785698498294,45.30744550720194,0,137500000.0,3.613781714,13.69572987,0.6
debt_share_plus_10pp,ALEX III,2018-04-04,2018,4,8.038366160799999,176.0780678564004,118.0,58.078067856400395,49.21870157322068,0,137500000.0,5.613781714,13.69572987,0.7
combined_financing_relief,ALEX III,2018-04-04,2018,4,6.7383661608,161.02761996268498,118.0,43.02761996268498,36.464084714139815,0,137500000.0,4.613781714,11.69572987,0.7
opex_minus_10,ALEX III,2018-04-04,2018,4,8.846560977,182.6931347207034,118.0,64.6931347207034,54.82469044127407,0,137500000.0,5.613781714,13.69572987,0.6
baseline,ALEX IV,2018-04-04,2018,4,8.846560977,185.8010511345592,118.0,67.8010511345592,57.458517910643394,0,137500000.0,5.613781714,13.69572987,0.6
capex_minus_10,ALEX IV,2018-04-04,2018,4,8.846560977,170.32886243495912,118.0,52.32886243495912,44.346493588948405,0,123750000.0,5.613781714,13.69572987,0.6
capex_minus_15,ALEX IV,2018-04-04,2018,4,8.846560977,162.59276808515907,118.0,44.592768085159065,37.790481428100904,0,116875000.0,5.613781714,13.69572987,0.6
coe_minus_200bps,ALEX IV,2018-04-04,2018,4,8.0465609764,176.17530135494488,118.0,58.17530135494488,49.30110284317363,0,137500000.0,5.613781714,11.69572987,0.6
tech_premium_half,ALEX IV,2018-04-04,2018,4,7.57068048826,170.5766623070874,118.0,52.57666230708739,44.55649348058253,0,137500000.0,4.5558908571,12.092864935,0.6
cod_minus_100bps,ALEX IV,2018-04-04,2018,4,8.2465609764,178.5571119124092,118.0,60.5571119124092,51.319586366448476,0,137500000.0,4.613781714,13.69572987,0.6
cod_minus_200bps,ALEX IV,2018-04-04,2018,4,7.6465609764,171.4627856984983,118.0,53.462785698498294,45.30744550720194,0,137500000.0,3.613781714,13.69572987,0.6
debt_share_plus_10pp,ALEX IV,2018-04-04,2018,4,8.038366160799999,176.0780678564004,118.0,58.078067856400395,49.21870157322068,0,137500000.0,5.613781714,13.69572987,0.7
combined_financing_relief,ALEX IV,2018-04-04,2018,4,6.7383661608,161.02761996268498,118.0,43.02761996268498,36.464084714139815,0,137500000.0,4.613781714,11.69572987,0.7
opex_minus_10,ALEX IV,2018-04-04,2018,4,8.846560977,182.6931347207034,118.0,64.6931347207034,54.82469044127407,0,137500000.0,5.613781714,13.69572987,0.6
baseline,ALEX IX,2018-04-04,2018,4,8.846560977,185.8010511345592,118.39,67.4110511345592,56.93981851048163,0,137500000.0,5.613781714,13.69572987,0.6
capex_minus_10,ALEX IX,2018-04-04,2018,4,8.846560977,170.32886243495912,118.39,51.93886243495912,43.87098778187273,0,123750000.0,5.613781714,13.69572987,0.6
capex_minus_15,ALEX IX,2018-04-04,2018,4,8.846560977,162.59276808515907,118.39,44.202768085159065,37.336572417568256,0,116875000.0,5.613781714,13.69572987,0.6
coe_minus_200bps,ALEX IX,2018-04-04,2018,4,8.0465609764,176.17530135494488,118.39,57.78530135494488,48.80927557643794,0,137500000.0,5.613781714,11.69572987,0.6
tech_premium_half,ALEX IX,2018-04-04,2018,4,7.57068048826,170.5766623070874,118.39,52.18666230708739,44.080295892463376,0,137500000.0,4.5558908571,12.092864935,0.6
cod_minus_100bps,ALEX IX,2018-04-04,2018,4,8.2465609764,178.5571119124092,118.39,60.1671119124092,50.82110981705312,0,137500000.0,4.613781714,13.69572987,0.6
cod_minus_200bps,ALEX IX,2018-04-04,2018,4,7.6465609764,171.4627856984983,118.39,53.07278569849829,44.82877413506064,0,137500000.0,3.613781714,13.69572987,0.6
debt_share_plus_10pp,ALEX IX,2018-04-04,2018,4,8.038366160799999,176.0780678564004,118.39,57.688067856400394,48.72714575251321,0,137500000.0,5.613781714,13.69572987,0.7
combined_financing_relief,ALEX IX,2018-04-04,2018,4,6.7383661608,161.02761996268498,118.39,42.63761996268498,36.01454511587548,0,137500000.0,4.613781714,11.69572987,0.7
opex_minus_10,ALEX IX,2018-04-04,2018,4,8.846560977,182.6931347207034,118.39,64.3031347207034,54.3146673880424,0,137500000.0,5.613781714,13.69572987,0.6
baseline,ALEX V,2018-04-04,2018,4,8.846560977,185.8010511345592,118.0,67.8010511345592,57.458517910643394,0,137500000.0,5.613781714,13.69572987,0.6
capex_minus_10,ALEX V,2018-04-04,2018,4,8.846560977,170.32886243495912,118.0,52.32886243495912,44.346493588948405,0,123750000.0,5.613781714,13.69572987,0.6
capex_minus_15,ALEX V,2018-04-04,2018,4,8.846560977,162.59276808515907,118.0,44.592768085159065,37.790481428100904,0,116875000.0,5.613781714,13.69572987,0.6
coe_minus_200bps,ALEX V,2018-04-04,2018,4,8.0465609764,176.17530135494488,118.0,58.17530135494488,49.30110284317363,0,137500000.0,5.613781714,11.69572987,0.6
tech_premium_half,ALEX V,2018-04-04,2018,4,7.57068048826,170.5766623070874,118.0,52.57666230708739,44.55649348058253,0,137500000.0,4.5558908571,12.092864935,0.6
cod_minus_100bps,ALEX V,2018-04-04,2018,4,8.2465609764,178.5571119124092,118.0,60.5571119124092,51.319586366448476,0,137500000.0,4.613781714,13.69572987,0.6
cod_minus_200bps,ALEX V,2018-04-04,2018,4,7.6465609764,171.4627856984983,118.0,53.462785698498294,45.30744550720194,0,137500000.0,3.613781714,13.69572987,0.6
debt_share_plus_10pp,ALEX V,2018-04-04,2018,4,8.038366160799999,176.0780678564004,118.0,58.078067856400395,49.21870157322068,0,137500000.0,5.613781714,13.69572987,0.7
combined_financing_relief,ALEX V,2018-04-04,2018,4,6.7383661608,161.02761996268498,118.0,43.02761996268498,36.464084714139815,0,137500000.0,4.613781714,11.69572987,0.7
opex_minus_10,ALEX V,2018-04-04,2018,4,8.846560977,182.6931347207034,118.0,64.6931347207034,54.82469044127407,0,137500000.0,5.613781714,13.69572987,0.6
baseline,ALEX VI,2018-04-04,2018,4,8.846560977,185.8010511345592,118.0,67.8010511345592,57.458517910643394,0,137500000.0,5.613781714,13.69572987,0.6
capex_minus_10,ALEX VI,2018-04-04,2018,4,8.846560977,170.32886243495912,118.0,52.32886243495912,44.346493588948405,0,123750000.0,5.613781714,13.69572987,0.6
capex_minus_15,ALEX VI,2018-04-04,2018,4,8.846560977,162.59276808515907,118.0,44.592768085159065,37.790481428100904,0,116875000.0,5.613781714,13.69572987,0.6
coe_minus_200bps,ALEX VI,2018-04-04,2018,4,8.0465609764,176.17530135494488,118.0,58.17530135494488,49.30110284317363,0,137500000.0,5.613781714,11.69572987,0.6
tech_premium_half,ALEX VI,2018-04-04,2018,4,7.57068048826,170.5766623070874,118.0,52.57666230708739,44.55649348058253,0,137500000.0,4.5558908571,12.092864935,0.6
cod_minus_100bps,ALEX VI,2018-04-04,2018,4,8.2465609764,178.5571119124092,118.0,60.5571119124092,51.319586366448476,0,137500000.0,4.613781714,13.69572987,0.6
cod_minus_200bps,ALEX VI,2018-04-04,2018,4,7.6465609764,171.4627856984983,118.0,53.462785698498294,45.30744550720194,0,137500000.0,3.613781714,13.69572987,0.6
debt_share_plus_10pp,ALEX VI,2018-04-04,2018,4,8.038366160799999,176.0780678564004,118.0,58.078067856400395,49.21870157322068,0,137500000.0,5.613781714,13.69572987,0.7
combined_financing_relief,ALEX VI,2018-04-04,2018,4,6.7383661608,161.02761996268498,118.0,43.02761996268498,36.464084714139815,0,137500000.0,4.613781714,11.69572987,0.7
opex_minus_10,ALEX VI,2018-04-04,2018,4,8.846560977,182.6931347207034,118.0,64.6931347207034,54.82469044127407,0,137500000.0,5.613781714,13.69572987,0.6
baseline,ALEX VII,2018-04-04,2018,4,8.846560977,185.8010511345592,118.39,67.4110511345592,56.93981851048163,0,137500000.0,5.613781714,13.69572987,0.6
capex_minus_10,ALEX VII,2018-04-04,2018,4,8.846560977,170.32886243495912,118.39,51.93886243495912,43.87098778187273,0,123750000.0,5.613781714,13.69572987,0.6
capex_minus_15,ALEX VII,2018-04-04,2018,4,8.846560977,162.59276808515907,118.39,44.202768085159065,37.336572417568256,0,116875000.0,5.613781714,13.69572987,0.6
coe_minus_200bps,ALEX VII,2018-04-04,2018,4,8.0465609764,176.17530135494488,118.39,57.78530135494488,48.80927557643794,0,137500000.0,5.613781714,11.69572987,0.6
tech_premium_half,ALEX VII,2018-04-04,2018,4,7.57068048826,170.5766623070874,118.39,52.18666230708739,44.080295892463376,0,137500000.0,4.5558908571,12.092864935,0.6
cod_minus_100bps,ALEX VII,2018-04-04,2018,4,8.2465609764,178.5571119124092,118.39,60.1671119124092,50.82110981705312,0,137500000.0,4.613781714,13.69572987,0.6
cod_minus_200bps,ALEX VII,2018-04-04,2018,4,7.6465609764,171.4627856984983,118.39,53.07278569849829,44.82877413506064,0,137500000.0,3.613781714,13.69572987,0.6
debt_share_plus_10pp,ALEX VII,2018-04-04,2018,4,8.038366160799999,176.0780678564004,118.39,57.688067856400394,48.72714575251321,0,137500000.0,5.613781714,13.69572987,0.7
combined_financing_relief,ALEX VII,2018-04-04,2018,4,6.7383661608,161.02761996268498,118.39,42.63761996268498,36.01454511587548,0,137500000.0,4.613781714,11.69572987,0.7
opex_minus_10,ALEX VII,2018-04-04,2018,4,8.846560977,182.6931347207034,118.39,64.3031347207034,54.3146673880424,0,137500000.0,5.613781714,13.69572987,0.6
baseline,ALEX VIII,2018-04-04,2018,4,8.846560977,185.8010511345592,118.25,67.5510511345592,57.12562463810503,0,137500000.0,5.613781714,13.69572987,0.6
capex_minus_10,ALEX VIII,2018-04-04,2018,4,8.846560977,170.32886243495912,118.25,52.07886243495912,44.04132129806268,0,123750000.0,5.613781714,13.69572987,0.6
capex_minus_15,ALEX VIII,2018-04-04,2018,4,8.846560977,162.59276808515907,118.25,44.342768085159065,37.49916962804149,0,116875000.0,5.613781714,13.69572987,0.6
coe_minus_200bps,ALEX VIII,2018-04-04,2018,4,8.0465609764,176.17530135494488,118.25,57.92530135494488,48.98545569128531,0,137500000.0,5.613781714,11.69572987,0.6
tech_premium_half,ALEX VIII,2018-04-04,2018,4,7.57068048826,170.5766623070874,118.25,52.32666230708739,44.250877215295894,0,137500000.0,4.5558908571,12.092864935,0.6
cod_minus_100bps,ALEX VIII,2018-04-04,2018,4,8.2465609764,178.5571119124092,118.25,60.3071119124092,50.999671807534206,0,137500000.0,4.613781714,13.69572987,0.6
cod_minus_200bps,ALEX VIII,2018-04-04,2018,4,7.6465609764,171.4627856984983,118.25,53.212785698498294,45.00024160549538,0,137500000.0,3.613781714,13.69572987,0.6
debt_share_plus_10pp,ALEX VIII,2018-04-04,2018,4,8.038366160799999,176.0780678564004,118.25,57.828067856400395,48.90322863120541,0,137500000.0,5.613781714,13.69572987,0.7
combined_financing_relief,ALEX VIII,2018-04-04,2018,4,6.7383661608,161.02761996268498,118.25,42.77761996268498,36.17557713546298,0,137500000.0,4.613781714,11.69572987,0.7
opex_minus_10,ALEX VIII,2018-04-04,2018,4,8.846560977,182.6931347207034,118.25,64.4431347207034,54.49736551433691,0,137500000.0,5.613781714,13.69572987,0.6
baseline,ALEX X,2018-04-04,2018,4,8.846560977,185.8010511345592,118.39,67.4110511345592,56.93981851048163,0,137500000.0,5.613781714,13.69572987,0.6
capex_minus_10,ALEX X,2018-04-04,2018,4,8.846560977,170.32886243495912,118.39,51.93886243495912,43.87098778187273,0,123750000.0,5.613781714,13.69572987,0.6
capex_minus_15,ALEX X,2018-04-04,2018,4,8.846560977,162.59276808515907,118.39,44.202768085159065,37.336572417568256,0,116875000.0,5.613781714,13.69572987,0.6
coe_minus_200bps,ALEX X,2018-04-04,2018,4,8.0465609764,176.17530135494488,118.39,57.78530135494488,48.80927557643794,0,137500000.0,5.613781714,11.69572987,0.6
tech_premium_half,ALEX X,2018-04-04,2018,4,7.57068048826,170.5766623070874,118.39,52.18666230708739,44.080295892463376,0,137500000.0,4.5558908571,12.092864935,0.6
cod_minus_100bps,ALEX X,2018-04-04,2018,4,8.2465609764,178.5571119124092,118.39,60.1671119124092,50.82110981705312,0,137500000.0,4.613781714,13.69572987,0.6
cod_minus_200bps,ALEX X,2018-04-04,2018,4,7.6465609764,171.4627856984983,118.39,53.07278569849829,44.82877413506064,0,137500000.0,3.613781714,13.69572987,0.6
debt_share_plus_10pp,ALEX X,2018-04-04,2018,4,8.038366160799999,176.0780678564004,118.39,57.688067856400394,48.72714575251321,0,137500000.0,5.613781714,13.69572987,0.7
combined_financing_relief,ALEX X,2018-04-04,2018,4,6.7383661608,161.02761996268498,118.39,42.63761996268498,36.01454511587548,0,137500000.0,4.613781714,11.69572987,0.7
opex_minus_10,ALEX X,2018-04-04,2018,4,8.846560977,182.6931347207034,118.39,64.3031347207034,54.3146673880424,0,137500000.0,5.613781714,13.69572987,0.6
baseline,ETESA 17 SAO JOAO DO PIAUI I,2018-04-04,2018,4,8.846560977,278.7541801163159,117.8,160.9541801163159,136.6334296403361,0,169885000.0,5.613781714,13.69572987,0.6
capex_minus_10,ETESA 17 SAO JOAO DO PIAUI I,2018-04-04,2018,4,8.846560977,255.54151662907614,117.8,137.74151662907616,116.92828236763681,0,152896500.0,5.613781714,13.69572987,0.6
capex_minus_15,ETESA 17 SAO JOAO DO PIAUI I,2018-04-04,2018,4,8.846560977,243.93518488545627,117.8,126.13518488545627,107.07570873128715,0,144402250.0,5.613781714,13.69572987,0.6
coe_minus_200bps,ETESA 17 SAO JOAO DO PIAUI I,2018-04-04,2018,4,8.0465609764,264.312830234619,117.8,146.512830234619,124.37421921444738,0,169885000.0,5.613781714,11.69572987,0.6
tech_premium_half,ETESA 17 SAO JOAO DO PIAUI I,2018-04-04,2018,4,7.57068048826,255.913286593596,117.8,138.113286593596,117.24387656502206,0,169885000.0,4.5558908571,12.092864935,0.6
cod_minus_100bps,ETESA 17 SAO JOAO DO PIAUI I,2018-04-04,2018,4,8.2465609764,267.88622040159674,117.8,150.08622040159673,127.40765738675444,0,169885000.0,4.613781714,13.69572987,0.6
cod_minus_200bps,ETESA 17 SAO JOAO DO PIAUI I,2018-04-04,2018,4,7.6465609764,257.24272255720496,117.8,139.44272255720495,118.37243001460523,0,169885000.0,3.613781714,13.69572987,0.6
debt_share_plus_10pp,ETESA 17 SAO JOAO DO PIAUI I,2018-04-04,2018,4,8.038366160799999,264.1669524583573,117.8,146.36695245835728,124.25038409028633,0,169885000.0,5.613781714,13.69572987,0.7
combined_financing_relief,ETESA 17 SAO JOAO DO PIAUI I,2018-04-04,2018,4,6.7383661608,241.58701958188703,117.8,123.78701958188704,105.08235957715368,0,169885000.0,4.613781714,11.69572987,0.7
opex_minus_10,ETESA 17 SAO JOAO DO PIAUI I,2018-04-04,2018,4,8.846560977,274.0914255919241,117.8,156.2914255919241,132.6752339490018,0,169885000.0,5.613781714,13.69572987,0.6
baseline,ETESA 18 SAO JOAO DO PIAUI II,2018-04-04,2018,4,8.846560977,278.7541801163159,117.8,160.9541801163159,136.6334296403361,0,169885000.0,5.613781714,13.69572987,0.6
capex_minus_10,ETESA 18 SAO JOAO DO PIAUI II,2018-04-04,2018,4,8.846560977,255.54151662907614,117.8,137.74151662907616,116.92828236763681,0,152896500.0,5.613781714,13.69572987,0.6
capex_minus_15,ETESA 18 SAO JOAO DO PIAUI II,2018-04-04,2018,4,8.846560977,243.93518488545627,117.8,126.13518488545627,107.07570873128715,0,144402250.0,5.613781714,13.69572987,0.6
coe_minus_200bps,ETESA 18 SAO JOAO DO PIAUI II,2018-04-04,2018,4,8.0465609764,264.312830234619,117.8,146.512830234619,124.37421921444738,0,169885000.0,5.613781714,11.69572987,0.6
tech_premium_half,ETESA 18 SAO JOAO DO PIAUI II,2018-04-04,2018,4,7.57068048826,255.913286593596,117.8,138.113286593596,117.24387656502206,0,169885000.0,4.5558908571,12.092864935,0.6
cod_minus_100bps,ETESA 18 SAO JOAO DO PIAUI II,2018-04-04,2018,4,8.2465609764,267.88622040159674,117.8,150.08622040159673,127.40765738675444,0,169885000.0,4.613781714,13.69572987,0.6
cod_minus_200bps,ETESA 18 SAO JOAO DO PIAUI II,2018-04-04,2018,4,7.6465609764,257.24272255720496,117.8,139.44272255720495,118.37243001460523,0,169885000.0,3.613781714,13.69572987,0.6
debt_share_plus_10pp,ETESA 18 SAO JOAO DO PIAUI II,2018-04-04,2018,4,8.038366160799999,264.1669524583573,117.8,146.36695245835728,124.25038409028633,0,169885000.0,5.613781714,13.69572987,0.7
combined_financing_relief,ETESA 18 SAO JOAO DO PIAUI II,2018-04-04,2018,4,6.7383661608,241.58701958188703,117.8,123.78701958188704,105.08235957715368,0,169885000.0,4.613781714,11.69572987,0.7
opex_minus_10,ETESA 18 SAO JOAO DO PIAUI II,2018-04-04,2018,4,8.846560977,274.0914255919241,117.8,156.2914255919241,132.6752339490018,0,169885000.0,5.613781714,13.69572987,0.6
baseline,ETESA 19 SAO JOAO DO PIAUI III,2018-04-04,2018,4,8.846560977,278.7541801163159,117.8,160.9541801163159,136.6334296403361,0,169885000.0,5.613781714,13.69572987,0.6
capex_minus_10,ETESA 19 SAO JOAO DO PIAUI III,2018-04-04,2018,4,8.846560977,255.54151662907614,117.8,137.74151662907616,116.92828236763681,0,152896500.0,5.613781714,13.69572987,0.6
capex_minus_15,ETESA 19 SAO JOAO DO PIAUI III,2018-04-04,2018,4,8.846560977,243.93518488545627,117.8,126.13518488545627,107.07570873128715,0,144402250.0,5.613781714,13.69572987,0.6
coe_minus_200bps,ETESA 19 SAO JOAO DO PIAUI III,2018-04-04,2018,4,8.0465609764,264.312830234619,117.8,146.512830234619,124.37421921444738,0,169885000.0,5.613781714,11.69572987,0.6
tech_premium_half,ETESA 19 SAO JOAO DO PIAUI III,2018-04-04,2018,4,7.57068048826,255.913286593596,117.8,138.113286593596,117.24387656502206,0,169885000.0,4.5558908571,12.092864935,0.6
cod_minus_100bps,ETESA 19 SAO JOAO DO PIAUI III,2018-04-04,2018,4,8.2465609764,267.88622040159674,117.8,150.08622040159673,127.40765738675444,0,169885000.0,4.613781714,13.69572987,0.6
cod_minus_200bps,ETESA 19 SAO JOAO DO PIAUI III,2018-04-04,2018,4,7.6465609764,257.24272255720496,117.8,139.44272255720495,118.37243001460523,0,169885000.0,3.613781714,13.69572987,0.6
debt_share_plus_10pp,ETESA 19 SAO JOAO DO PIAUI III,2018-04-04,2018,4,8.038366160799999,264.1669524583573,117.8,146.36695245835728,124.25038409028633,0,169885000.0,5.613781714,13.69572987,0.7
combined_financing_relief,ETESA 19 SAO JOAO DO PIAUI III,2018-04-04,2018,4,6.7383661608,241.58701958188703,117.8,123.78701958188704,105.08235957715368,0,169885000.0,4.613781714,11.69572987,0.7
opex_minus_10,ETESA 19 SAO JOAO DO PIAUI III,2018-04-04,2018,4,8.846560977,274.0914255919241,117.8,156.2914255919241,132.6752339490018,0,169885000.0,5.613781714,13.69572987,0.6
baseline,ETESA 20 SAO JOAO DO PIAUI IV,2018-04-04,2018,4,8.846560977,278.7541801163159,117.8,160.9541801163159,136.6334296403361,0,169885000.0,5.613781714,13.69572987,0.6
capex_minus_10,ETESA 20 SAO JOAO DO PIAUI IV,2018-04-04,2018,4,8.846560977,255.54151662907614,117.8,137.74151662907616,116.92828236763681,0,152896500.0,5.613781714,13.69572987,0.6
capex_minus_15,ETESA 20 SAO JOAO DO PIAUI IV,2018-04-04,2018,4,8.846560977,243.93518488545627,117.8,126.13518488545627,107.07570873128715,0,144402250.0,5.613781714,13.69572987,0.6
coe_minus_200bps,ETESA 20 SAO JOAO DO PIAUI IV,2018-04-04,2018,4,8.0465609764,264.312830234619,117.8,146.512830234619,124.37421921444738,0,169885000.0,5.613781714,11.69572987,0.6
tech_premium_half,ETESA 20 SAO JOAO DO PIAUI IV,2018-04-04,2018,4,7.57068048826,255.913286593596,117.8,138.113286593596,117.24387656502206,0,169885000.0,4.5558908571,12.092864935,0.6
cod_minus_100bps,ETESA 20 SAO JOAO DO PIAUI IV,2018-04-04,2018,4,8.2465609764,267.88622040159674,117.8,150.08622040159673,127.40765738675444,0,169885000.0,4.613781714,13.69572987,0.6
cod_minus_200bps,ETESA 20 SAO JOAO DO PIAUI IV,2018-04-04,2018,4,7.6465609764,257.24272255720496,117.8,139.44272255720495,118.37243001460523,0,169885000.0,3.613781714,13.69572987,0.6
debt_share_plus_10pp,ETESA 20 SAO JOAO DO PIAUI IV,2018-04-04,2018,4,8.038366160799999,264.1669524583573,117.8,146.36695245835728,124.25038409028633,0,169885000.0,5.613781714,13.69572987,0.7
combined_financing_relief,ETESA 20 SAO JOAO DO PIAUI IV,2018-04-04,2018,4,6.7383661608,241.58701958188703,117.8,123.78701958188704,105.08235957715368,0,169885000.0,4.613781714,11.69572987,0.7
opex_minus_10,ETESA 20 SAO JOAO DO PIAUI IV,2018-04-04,2018,4,8.846560977,274.0914255919241,117.8,156.2914255919241,132.6752339490018,0,169885000.0,5.613781714,13.69572987,0.6
baseline,ETESA 21 SAO JOAO DO PIAUI V,2018-04-04,2018,4,8.846560977,278.7541801163159,117.8,160.9541801163159,136.6334296403361,0,169885000.0,5.613781714,13.69572987,0.6
capex_minus_10,ETESA 21 SAO JOAO DO PIAUI V,2018-04-04,2018,4,8.846560977,255.54151662907614,117.8,137.74151662907616,116.92828236763681,0,152896500.0,5.613781714,13.69572987,0.6
capex_minus_15,ETESA 21 SAO JOAO DO PIAUI V,2018-04-04,2018,4,8.846560977,243.93518488545627,117.8,126.13518488545627,107.07570873128715,0,144402250.0,5.613781714,13.69572987,0.6
coe_minus_200bps,ETESA 21 SAO JOAO DO PIAUI V,2018-04-04,2018,4,8.0465609764,264.312830234619,117.8,146.512830234619,124.37421921444738,0,169885000.0,5.613781714,11.69572987,0.6
tech_premium_half,ETESA 21 SAO JOAO DO PIAUI V,2018-04-04,2018,4,7.57068048826,255.913286593596,117.8,138.113286593596,117.24387656502206,0,169885000.0,4.5558908571,12.092864935,0.6
cod_minus_100bps,ETESA 21 SAO JOAO DO PIAUI V,2018-04-04,2018,4,8.2465609764,267.88622040159674,117.8,150.08622040159673,127.40765738675444,0,169885000.0,4.613781714,13.69572987,0.6
cod_minus_200bps,ETESA 21 SAO JOAO DO PIAUI V,2018-04-04,2018,4,7.6465609764,257.24272255720496,117.8,139.44272255720495,118.37243001460523,0,169885000.0,3.613781714,13.69572987,0.6
debt_share_plus_10pp,ETESA 21 SAO JOAO DO PIAUI V,2018-04-04,2018,4,8.038366160799999,264.1669524583573,117.8,146.36695245835728,124.25038409028633,0,169885000.0,5.613781714,13.69572987,0.7
combined_financing_relief,ETESA 21 SAO JOAO DO PIAUI V,2018-04-04,2018,4,6.7383661608,241.58701958188703,117.8,123.78701958188704,105.08235957715368,0,169885000.0,4.613781714,11.69572987,0.7
opex_minus_10,ETESA 21 SAO JOAO DO PIAUI V,2018-04-04,2018,4,8.846560977,274.0914255919241,117.8,156.2914255919241,132.6752339490018,0,169885000.0,5.613781714,13.69572987,0.6
baseline,ETESA 22 SAO JOAO DO PIAUI VI,2018-04-04,2018,4,8.846560977,278.7541801163159,117.8,160.9541801163159,136.6334296403361,0,169885000.0,5.613781714,13.69572987,0.6
capex_minus_10,ETESA 22 SAO JOAO DO PIAUI VI,2018-04-04,2018,4,8.846560977,255.54151662907614,117.8,137.74151662907616,116.92828236763681,0,152896500.0,5.613781714,13.69572987,0.6
capex_minus_15,ETESA 22 SAO JOAO DO PIAUI VI,2018-04-04,2018,4,8.846560977,243.93518488545627,117.8,126.13518488545627,107.07570873128715,0,144402250.0,5.613781714,13.69572987,0.6
coe_minus_200bps,ETESA 22 SAO JOAO DO PIAUI VI,2018-04-04,2018,4,8.0465609764,264.312830234619,117.8,146.512830234619,124.37421921444738,0,169885000.0,5.613781714,11.69572987,0.6
tech_premium_half,ETESA 22 SAO JOAO DO PIAUI VI,2018-04-04,2018,4,7.57068048826,255.913286593596,117.8,138.113286593596,117.24387656502206,0,169885000.0,4.5558908571,12.092864935,0.6
cod_minus_100bps,ETESA 22 SAO JOAO DO PIAUI VI,2018-04-04,2018,4,8.2465609764,267.88622040159674,117.8,150.08622040159673,127.40765738675444,0,169885000.0,4.613781714,13.69572987,0.6
cod_minus_200bps,ETESA 22 SAO JOAO DO PIAUI VI,2018-04-04,2018,4,7.6465609764,257.24272255720496,117.8,139.44272255720495,118.37243001460523,0,169885000.0,3.613781714,13.69572987,0.6
debt_share_plus_10pp,ETESA 22 SAO JOAO DO PIAUI VI,2018-04-04,2018,4,8.038366160799999,264.1669524583573,117.8,146.36695245835728,124.25038409028633,0,169885000.0,5.613781714,13.69572987,0.7
combined_financing_relief,ETESA 22 SAO JOAO DO PIAUI VI,2018-04-04,2018,4,6.7383661608,241.58701958188703,117.8,123.78701958188704,105.08235957715368,0,169885000.0,4.613781714,11.69572987,0.7
opex_minus_10,ETESA 22 SAO JOAO DO PIAUI VI,2018-04-04,2018,4,8.846560977,274.0914255919241,117.8,156.2914255919241,132.6752339490018,0,169885000.0,5.613781714,13.69572987,0.6
baseline,FRANCISCO SA 1,2018-04-04,2018,4,8.846560977,198.90535031141806,117.91,80.99535031141806,68.69251998254438,0,131323430.0,5.613781714,13.69572987,0.6
capex_minus_10,FRANCISCO SA 1,2018-04-04,2018,4,8.846560977,182.34192887340407,117.91,64.43192887340408,54.645007949626056,0,118191087.0,5.613781714,13.69572987,0.6
capex_minus_15,FRANCISCO SA 1,2018-04-04,2018,4,8.846560977,174.0602181543971,117.91,56.150218154397095,47.6212519331669,0,111624915.5,5.613781714,13.69572987,0.6
coe_minus_200bps,FRANCISCO SA 1,2018-04-04,2018,4,8.0465609764,188.60070929686262,117.91,70.69070929686262,59.953107706608954,0,131323430.0,5.613781714,11.69572987,0.6
tech_premium_half,FRANCISCO SA 1,2018-04-04,2018,4,7.57068048826,182.60720573826458,117.91,64.69720573826459,54.869990448871675,0,131323430.0,4.5558908571,12.092864935,0.6
cod_minus_100bps,FRANCISCO SA 1,2018-04-04,2018,4,8.2465609764,191.1505057616883,117.91,73.2405057616883,62.11560152801992,0,131323430.0,4.613781714,13.69572987,0.6
cod_minus_200bps,FRANCISCO SA 1,2018-04-04,2018,4,7.6465609764,183.55582622520456,117.91,65.64582622520456,55.674519739805405,0,131323430.0,3.613781714,13.69572987,0.6
debt_share_plus_10pp,FRANCISCO SA 1,2018-04-04,2018,4,8.038366160799999,188.4966180499436,117.91,70.58661804994361,59.86482745309441,0,131323430.0,5.613781714,13.69572987,0.7
combined_financing_relief,FRANCISCO SA 1,2018-04-04,2018,4,6.7383661608,172.38468223153242,117.91,54.47468223153243,46.20022239973915,0,131323430.0,4.613781714,11.69572987,0.7
opex_minus_10,FRANCISCO SA 1,2018-04-04,2018,4,8.846560977,195.5782367182902,117.91,77.66823671829022,65.87078001720823,0,131323430.0,5.613781714,13.69572987,0.6
baseline,FRANCISCO SA 2,2018-04-04,2018,4,8.846560977,198.90535031141806,118.35,80.55535031141807,68.0653572551061,0,131323430.0,5.613781714,13.69572987,0.6
capex_minus_10,FRANCISCO SA 2,2018-04-04,2018,4,8.846560977,182.34192887340407,118.35,63.99192887340408,54.07007086895148,0,118191087.0,5.613781714,13.69572987,0.6
capex_minus_15,FRANCISCO SA 2,2018-04-04,2018,4,8.846560977,174.0602181543971,118.35,55.7102181543971,47.07242767587418,0,111624915.5,5.613781714,13.69572987,0.6
coe_minus_200bps,FRANCISCO SA 2,2018-04-04,2018,4,8.0465609764,188.60070929686262,118.35,70.25070929686262,59.35843624576479,0,131323430.0,5.613781714,11.69572987,0.6
tech_premium_half,FRANCISCO SA 2,2018-04-04,2018,4,7.57068048826,182.60720573826458,118.35,64.25720573826459,54.294216931360026,0,131323430.0,4.5558908571,12.092864935,0.6
cod_minus_100bps,FRANCISCO SA 2,2018-04-04,2018,4,8.2465609764,191.1505057616883,118.35,72.8005057616883,61.51289037742992,0,131323430.0,4.613781714,13.69572987,0.6
cod_minus_200bps,FRANCISCO SA 2,2018-04-04,2018,4,7.6465609764,183.55582622520456,118.35,65.20582622520456,55.09575515437648,0,131323430.0,3.613781714,13.69572987,0.6
debt_share_plus_10pp,FRANCISCO SA 2,2018-04-04,2018,4,8.038366160799999,188.4966180499436,118.35,70.14661804994361,59.270484199360894,0,131323430.0,5.613781714,13.69572987,0.7
combined_financing_relief,FRANCISCO SA 2,2018-04-04,2018,4,6.7383661608,172.38468223153242,118.35,54.03468223153243,45.65668122647438,0,131323430.0,4.613781714,11.69572987,0.7
opex_minus_10,FRANCISCO SA 2,2018-04-04,2018,4,8.846560977,195.5782367182902,118.35,77.22823671829022,65.25410791575008,0,131323430.0,5.613781714,13.69572987,0.6
baseline,FRANCISCO SA 3,2018-04-04,2018,4,8.846560977,198.90535031141806,118.35,80.55535031141807,68.0653572551061,0,131323430.0,5.613781714,13.69572987,0.6
capex_minus_10,FRANCISCO SA 3,2018-04-04,2018,4,8.846560977,182.34192887340407,118.35,63.99192887340408,54.07007086895148,0,118191087.0,5.613781714,13.69572987,0.6
capex_minus_15,FRANCISCO SA 3,2018-04-04,2018,4,8.846560977,174.0602181543971,118.35,55.7102181543971,47.07242767587418,0,111624915.5,5.613781714,13.69572987,0.6
coe_minus_200bps,FRANCISCO SA 3,2018-04-04,2018,4,8.0465609764,188.60070929686262,118.35,70.25070929686262,59.35843624576479,0,131323430.0,5.613781714,11.69572987,0.6
tech_premium_half,FRANCISCO SA 3,2018-04-04,2018,4,7.57068048826,182.60720573826458,118.35,64.25720573826459,54.294216931360026,0,131323430.0,4.5558908571,12.092864935,0.6
cod_minus_100bps,FRANCISCO SA 3,2018-04-04,2018,4,8.2465609764,191.1505057616883,118.35,72.8005057616883,61.51289037742992,0,131323430.0,4.613781714,13.69572987,0.6
cod_minus_200bps,FRANCISCO SA 3,2018-04-04,2018,4,7.6465609764,183.55582622520456,118.35,65.20582622520456,55.09575515437648,0,131323430.0,3.613781714,13.69572987,0.6
debt_share_plus_10pp,FRANCISCO SA 3,2018-04-04,2018,4,8.038366160799999,188.4966180499436,118.35,70.14661804994361,59.270484199360894,0,131323430.0,5.613781714,13.69572987,0.7
combined_financing_relief,FRANCISCO SA 3,2018-04-04,2018,4,6.7383661608,172.38468223153242,118.35,54.03468223153243,45.65668122647438,0,131323430.0,4.613781714,11.69572987,0.7
opex_minus_10,FRANCISCO SA 3,2018-04-04,2018,4,8.846560977,195.5782367182902,118.35,77.22823671829022,65.25410791575008,0,131323430.0,5.613781714,13.69572987,0.6
baseline,LAVRAS 1,2018-04-04,2018,4,8.846560977,382.2957274788211,118.01,264.2857274788211,223.95197650946622,0,171967150.0,5.613781714,13.69572987,0.6
capex_minus_10,LAVRAS 1,2018-04-04,2018,4,8.846560977,350.46086109957093,118.01,232.45086109957094,196.9755623248631,0,154770435.0,5.613781714,13.69572987,0.6
capex_minus_15,LAVRAS 1,2018-04-04,2018,4,8.846560977,334.5434279099458,118.01,216.53342790994583,183.4873552325615,0,146172077.5,5.613781714,13.69572987,0.6
coe_minus_200bps,LAVRAS 1,2018-04-04,2018,4,8.0465609764,362.49022587850015,118.01,244.48022587850016,207.16907539911884,0,171967150.0,5.613781714,11.69572987,0.6
tech_premium_half,LAVRAS 1,2018-04-04,2018,4,7.57068048826,350.9707227581149,118.01,232.9607227581149,197.407611861804,0,171967150.0,4.5558908571,12.092864935,0.6
cod_minus_100bps,LAVRAS 1,2018-04-04,2018,4,8.2465609764,367.3909301236381,118.01,249.3809301236381,211.32186265879,0,171967150.0,4.613781714,13.69572987,0.6
cod_minus_200bps,LAVRAS 1,2018-04-04,2018,4,7.6465609764,352.79396963742926,118.01,234.78396963742927,198.95260540414307,0,171967150.0,3.613781714,13.69572987,0.6
debt_share_plus_10pp,LAVRAS 1,2018-04-04,2018,4,8.038366160799999,362.2901626880868,118.01,244.28016268808682,206.99954468950668,0,171967150.0,5.613781714,13.69572987,0.7
combined_financing_relief,LAVRAS 1,2018-04-04,2018,4,6.7383661608,331.3230508608669,118.01,213.3130508608669,180.75845340298864,0,171967150.0,4.613781714,11.69572987,0.7
opex_minus_10,LAVRAS 1,2018-04-04,2018,4,8.846560977,375.9010211101892,118.01,257.89102111018923,218.53319304312282,0,171967150.0,5.613781714,13.69572987,0.6
baseline,LAVRAS 2,2018-04-04,2018,4,8.846560977,382.2957274788211,118.02,264.2757274788211,223.92452760449171,0,171967150.0,5.613781714,13.69572987,0.6
capex_minus_10,LAVRAS 2,2018-04-04,2018,4,8.846560977,350.46086109957093,118.02,232.44086109957095,196.95039916926874,0,154770435.0,5.613781714,13.69572987,0.6
capex_minus_15,LAVRAS 2,2018-04-04,2018,4,8.846560977,334.5434279099458,118.02,216.52342790994584,183.4633349516572,0,146172077.5,5.613781714,13.69572987,0.6
coe_minus_200bps,LAVRAS 2,2018-04-04,2018,4,8.0465609764,362.49022587850015,118.02,244.47022587850017,207.14304853287592,0,171967150.0,5.613781714,11.69572987,0.6
tech_premium_half,LAVRAS 2,2018-04-04,2018,4,7.57068048826,350.9707227581149,118.02,232.95072275811492,197.38241209804687,0,171967150.0,4.5558908571,12.092864935,0.6
cod_minus_100bps,LAVRAS 2,2018-04-04,2018,4,8.2465609764,367.3909301236381,118.02,249.37093012363812,211.29548392106267,0,171967150.0,4.613781714,13.69572987,0.6
cod_minus_200bps,LAVRAS 2,2018-04-04,2018,4,7.6465609764,352.79396963742926,118.02,234.77396963742927,198.9272747309179,0,171967150.0,3.613781714,13.69572987,0.6
debt_share_plus_10pp,LAVRAS 2,2018-04-04,2018,4,8.038366160799999,362.2901626880868,118.02,244.27016268808683,206.97353218783837,0,171967150.0,5.613781714,13.69572987,0.7
combined_financing_relief,LAVRAS 2,2018-04-04,2018,4,6.7383661608,331.3230508608669,118.02,213.3030508608669,180.73466434576082,0,171967150.0,4.613781714,11.69572987,0.7
opex_minus_10,LAVRAS 2,2018-04-04,2018,4,8.846560977,375.9010211101892,118.02,257.88102111018924,218.5062032792656,0,171967150.0,5.613781714,13.69572987,0.6
baseline,LAVRAS 3,2018-04-04,2018,4,8.846560977,382.2957274788211,118.03,264.2657274788211,223.89708335069142,0,171967150.0,5.613781714,13.69572987,0.6
capex_minus_10,LAVRAS 3,2018-04-04,2018,4,8.846560977,350.46086109957093,118.03,232.43086109957093,196.92524027753194,0,154770435.0,5.613781714,13.69572987,0.6
capex_minus_15,LAVRAS 3,2018-04-04,2018,4,8.846560977,334.5434279099458,118.03,216.51342790994582,183.43931874095213,0,146172077.5,5.613781714,13.69572987,0.6
coe_minus_200bps,LAVRAS 3,2018-04-04,2018,4,8.0465609764,362.49022587850015,118.03,244.46022587850015,207.11702607684498,0,171967150.0,5.613781714,11.69572987,0.6
tech_premium_half,LAVRAS 3,2018-04-04,2018,4,7.57068048826,350.9707227581149,118.03,232.9407227581149,197.3572166043505,0,171967150.0,4.5558908571,12.092864935,0.6
cod_minus_100bps,LAVRAS 3,2018-04-04,2018,4,8.2465609764,367.3909301236381,118.03,249.3609301236381,211.2691096531713,0,171967150.0,4.613781714,13.69572987,0.6
cod_minus_200bps,LAVRAS 3,2018-04-04,2018,4,7.6465609764,352.79396963742926,118.03,234.76396963742926,198.90194834993582,0,171967150.0,3.613781714,13.69572987,0.6
debt_share_plus_10pp,LAVRAS 3,2018-04-04,2018,4,8.038366160799999,362.2901626880868,118.03,244.2601626880868,206.94752409394798,0,171967150.0,5.613781714,13.69572987,0.7
combined_financing_relief,LAVRAS 3,2018-04-04,2018,4,6.7383661608,331.3230508608669,118.03,213.29305086086688,180.7108793195517,0,171967150.0,4.613781714,11.69572987,0.7
opex_minus_10,LAVRAS 3,2018-04-04,2018,4,8.846560977,375.9010211101892,118.03,257.8710211101892,218.47921808878183,0,171967150.0,5.613781714,13.69572987,0.6
baseline,LAVRAS 4,2018-04-04,2018,4,8.846560977,382.2957274788211,118.04,264.2557274788211,223.86964374688333,0,171967150.0,5.613781714,13.69572987,0.6
capex_minus_10,LAVRAS 4,2018-04-04,2018,4,8.846560977,350.46086109957093,118.04,232.4208610995709,196.90008564856905,0,154770435.0,5.613781714,13.69572987,0.6
capex_minus_15,LAVRAS 4,2018-04-04,2018,4,8.846560977,334.5434279099458,118.04,216.5034279099458,183.41530659941188,0,146172077.5,5.613781714,13.69572987,0.6
coe_minus_200bps,LAVRAS 4,2018-04-04,2018,4,8.0465609764,362.49022587850015,118.04,244.45022587850013,207.09100802990523,0,171967150.0,5.613781714,11.69572987,0.6
tech_premium_half,LAVRAS 4,2018-04-04,2018,4,7.57068048826,350.9707227581149,118.04,232.93072275811488,197.33202537962967,0,171967150.0,4.5558908571,12.092864935,0.6
cod_minus_100bps,LAVRAS 4,2018-04-04,2018,4,8.2465609764,367.3909301236381,118.04,249.35093012363808,211.24273985398005,0,171967150.0,4.613781714,13.69572987,0.6
cod_minus_200bps,LAVRAS 4,2018-04-04,2018,4,7.6465609764,352.79396963742926,118.04,234.75396963742924,198.8766262601061,0,171967150.0,3.613781714,13.69572987,0.6
debt_share_plus_10pp,LAVRAS 4,2018-04-04,2018,4,8.038366160799999,362.2901626880868,118.04,244.2501626880868,206.92152040671533,0,171967150.0,5.613781714,13.69572987,0.7
combined_financing_relief,LAVRAS 4,2018-04-04,2018,4,6.7383661608,331.3230508608669,118.04,213.28305086086687,180.68709832333687,0,171967150.0,4.613781714,11.69572987,0.7
opex_minus_10,LAVRAS 4,2018-04-04,2018,4,8.846560977,375.9010211101892,118.04,257.8610211101892,218.45223747050932,0,171967150.0,5.613781714,13.69572987,0.6
baseline,LAVRAS 5,2018-04-04,2018,4,8.846560977,382.2957274788211,118.05,264.2457274788211,223.84220879188575,0,171967150.0,5.613781714,13.69572987,0.6
capex_minus_10,LAVRAS 5,2018-04-04,2018,4,8.846560977,350.46086109957093,118.05,232.41086109957092,196.87493528129684,0,154770435.0,5.613781714,13.69572987,0.6
capex_minus_15,LAVRAS 5,2018-04-04,2018,4,8.846560977,334.5434279099458,118.05,216.4934279099458,183.39129852600237,0,146172077.5,5.613781714,13.69572987,0.6
coe_minus_200bps,LAVRAS 5,2018-04-04,2018,4,8.0465609764,362.49022587850015,118.05,244.44022587850014,207.06499439093616,0,171967150.0,5.613781714,11.69572987,0.6
tech_premium_half,LAVRAS 5,2018-04-04,2018,4,7.57068048826,350.9707227581149,118.05,232.9207227581149,197.30683842279956,0,171967150.0,4.5558908571,12.092864935,0.6
cod_minus_100bps,LAVRAS 5,2018-04-04,2018,4,8.2465609764,367.3909301236381,118.05,249.3409301236381,211.21637452235333,0,171967150.0,4.613781714,13.69572987,0.6
cod_minus_200bps,LAVRAS 5,2018-04-04,2018,4,7.6465609764,352.79396963742926,118.05,234.74396963742925,198.8513084603382,0,171967150.0,3.613781714,13.69572987,0.6
debt_share_plus_10pp,LAVRAS 5,2018-04-04,2018,4,8.038366160799999,362.2901626880868,118.05,244.2401626880868,206.89552112502062,0,171967150.0,5.613781714,13.69572987,0.7
combined_financing_relief,LAVRAS 5,2018-04-04,2018,4,6.7383661608,331.3230508608669,118.05,213.27305086086687,180.6633213560922,0,171967150.0,4.613781714,11.69572987,0.7
opex_minus_10,LAVRAS 5,2018-04-04,2018,4,8.846560977,375.9010211101892,118.05,257.8510211101892,218.4252614232861,0,171967150.0,5.613781714,13.69572987,0.6
baseline,SAO PEDRO E PAULO I,2018-04-04,2018,4,8.846560977,259.0212368650223,117.63,141.39123686502228,120.19998033241714,0,125911250.0,5.613781714,13.69572987,0.6
capex_minus_10,SAO PEDRO E PAULO I,2018-04-04,2018,4,8.846560977,237.45179239511106,117.63,119.82179239511106,101.86329371343285,0,113320125.0,5.613781714,13.69572987,0.6
capex_minus_15,SAO PEDRO E PAULO I,2018-04-04,2018,4,8.846560977,226.66707016015545,117.63,109.03707016015545,92.69495040394071,0,107024562.5,5.613781714,13.69572987,0.6
coe_minus_200bps,SAO PEDRO E PAULO I,2018-04-04,2018,4,8.0465609764,245.60218676199588,117.63,127.97218676199589,108.79213360706954,0,125911250.0,5.613781714,11.69572987,0.6
tech_premium_half,SAO PEDRO E PAULO I,2018-04-04,2018,4,7.57068048826,237.797244849699,117.63,120.16724484969902,102.1569708830222,0,125911250.0,4.5558908571,12.092864935,0.6
cod_minus_100bps,SAO PEDRO E PAULO I,2018-04-04,2018,4,8.2465609764,248.92261747527556,117.63,131.29261747527556,111.61490901579153,0,125911250.0,4.613781714,13.69572987,0.6
cod_minus_200bps,SAO PEDRO E PAULO I,2018-04-04,2018,4,7.6465609764,239.0325703525538,117.63,121.4025703525538,103.20714983639701,0,125911250.0,3.613781714,13.69572987,0.6
debt_share_plus_10pp,SAO PEDRO E PAULO I,2018-04-04,2018,4,8.038366160799999,245.4666356393783,117.63,127.8366356393783,108.67689844374591,0,125911250.0,5.613781714,13.69572987,0.7
combined_financing_relief,SAO PEDRO E PAULO I,2018-04-04,2018,4,6.7383661608,224.48513092713742,117.63,106.85513092713742,90.84003309286528,0,125911250.0,4.613781714,11.69572987,0.7
opex_minus_10,SAO PEDRO E PAULO I,2018-04-04,2018,4,8.846560977,254.68855764843127,117.63,137.05855764843128,116.51666891815972,0,125911250.0,5.613781714,13.69572987,0.6
baseline,SOLAR JAIBA 3,2018-04-04,2018,4,8.846560977,263.16004262727796,118.4,144.76004262727795,122.26354951628204,0,160381250.0,5.613781714,13.69572987,0.6
capex_minus_10,SOLAR JAIBA 3,2018-04-04,2018,4,8.846560977,241.2459478813447,118.4,122.8459478813447,103.75502354843303,0,144343125.0,5.613781714,13.69572987,0.6
capex_minus_15,SOLAR JAIBA 3,2018-04-04,2018,4,8.846560977,230.28890050837808,118.4,111.88890050837807,94.5007605645085,0,136324062.5,5.613781714,13.69572987,0.6
coe_minus_200bps,SOLAR JAIBA 3,2018-04-04,2018,4,8.0465609764,249.52657442344517,118.4,131.12657442344516,110.7487959657476,0,160381250.0,5.613781714,11.69572987,0.6
tech_premium_half,SOLAR JAIBA 3,2018-04-04,2018,4,7.57068048826,241.5969201947908,118.4,123.1969201947908,104.05145286722195,0,160381250.0,4.5558908571,12.092864935,0.6
cod_minus_100bps,SOLAR JAIBA 3,2018-04-04,2018,4,8.2465609764,252.90006108643223,118.4,134.50006108643223,113.59802456624344,0,160381250.0,4.613781714,13.69572987,0.6
cod_minus_200bps,SOLAR JAIBA 3,2018-04-04,2018,4,7.6465609764,242.85198451269954,118.4,124.45198451269954,105.11147340599622,0,160381250.0,3.613781714,13.69572987,0.6
debt_share_plus_10pp,SOLAR JAIBA 3,2018-04-04,2018,4,8.038366160799999,249.38885737894404,118.4,130.98885737894403,110.6324808943784,0,160381250.0,5.613781714,13.69572987,0.7
combined_financing_relief,SOLAR JAIBA 3,2018-04-04,2018,4,6.7383661608,228.07209686561532,118.4,109.67209686561532,92.62846019055347,0,160381250.0,4.613781714,11.69572987,0.7
opex_minus_10,SOLAR JAIBA 3,2018-04-04,2018,4,8.846560977,258.7581331104834,118.4,140.3581331104834,118.54572053250287,0,160381250.0,5.613781714,13.69572987,0.6
baseline,SOLAR JAIBA 4,2018-04-04,2018,4,8.846560977,263.16004262727796,118.4,144.76004262727795,122.26354951628204,0,160381250.0,5.613781714,13.69572987,0.6
capex_minus_10,SOLAR JAIBA 4,2018-04-04,2018,4,8.846560977,241.2459478813447,118.4,122.8459478813447,103.75502354843303,0,144343125.0,5.613781714,13.69572987,0.6
capex_minus_15,SOLAR JAIBA 4,2018-04-04,2018,4,8.846560977,230.28890050837808,118.4,111.88890050837807,94.5007605645085,0,136324062.5,5.613781714,13.69572987,0.6
coe_minus_200bps,SOLAR JAIBA 4,2018-04-04,2018,4,8.0465609764,249.52657442344517,118.4,131.12657442344516,110.7487959657476,0,160381250.0,5.613781714,11.69572987,0.6
tech_premium_half,SOLAR JAIBA 4,2018-04-04,2018,4,7.57068048826,241.5969201947908,118.4,123.1969201947908,104.05145286722195,0,160381250.0,4.5558908571,12.092864935,0.6
cod_minus_100bps,SOLAR JAIBA 4,2018-04-04,2018,4,8.2465609764,252.90006108643223,118.4,134.50006108643223,113.59802456624344,0,160381250.0,4.613781714,13.69572987,0.6
cod_minus_200bps,SOLAR JAIBA 4,2018-04-04,2018,4,7.6465609764,242.85198451269954,118.4,124.45198451269954,105.11147340599622,0,160381250.0,3.613781714,13.69572987,0.6
debt_share_plus_10pp,SOLAR JAIBA 4,2018-04-04,2018,4,8.038366160799999,249.38885737894404,118.4,130.98885737894403,110.6324808943784,0,160381250.0,5.613781714,13.69572987,0.7
combined_financing_relief,SOLAR JAIBA 4,2018-04-04,2018,4,6.7383661608,228.07209686561532,118.4,109.67209686561532,92.62846019055347,0,160381250.0,4.613781714,11.69572987,0.7
opex_minus_10,SOLAR JAIBA 4,2018-04-04,2018,4,8.846560977,258.7581331104834,118.4,140.3581331104834,118.54572053250287,0,160381250.0,5.613781714,13.69572987,0.6
baseline,SOLAR JAIBA 9,2018-04-04,2018,4,8.846560977,267.94476246535845,117.81,150.13476246535845,127.43804640128889,0,106920830.0,5.613781714,13.69572987,0.6
capex_minus_10,SOLAR JAIBA 9,2018-04-04,2018,4,8.846560977,245.63223032874464,117.81,127.82223032874464,108.49862518355371,0,96228747.0,5.613781714,13.69572987,0.6
capex_minus_15,SOLAR JAIBA 9,2018-04-04,2018,4,8.846560977,234.47596426043773,117.81,116.66596426043773,99.02891457468613,0,90882705.5,5.613781714,13.69572987,0.6
coe_minus_200bps,SOLAR JAIBA 9,2018-04-04,2018,4,8.0465609764,254.06341345590016,117.81,136.25341345590016,115.65521895925657,0,106920830.0,5.613781714,11.69572987,0.6
tech_premium_half,SOLAR JAIBA 9,2018-04-04,2018,4,7.57068048826,245.9895839485611,117.81,128.1795839485611,108.80195564770486,0,106920830.0,4.5558908571,12.092864935,0.6
cod_minus_100bps,SOLAR JAIBA 9,2018-04-04,2018,4,8.2465609764,257.4982361325213,117.81,139.6882361325213,118.57078018209091,0,106920830.0,4.613781714,13.69572987,0.6
cod_minus_200bps,SOLAR JAIBA 9,2018-04-04,2018,4,7.6465609764,247.2674675776982,117.81,129.4574675776982,109.8866544246653,0,106920830.0,3.613781714,13.69572987,0.6
debt_share_plus_10pp,SOLAR JAIBA 9,2018-04-04,2018,4,8.038366160799999,253.92319246952454,117.81,136.11319246952453,115.53619596768061,0,106920830.0,5.613781714,13.69572987,0.7
combined_financing_relief,SOLAR JAIBA 9,2018-04-04,2018,4,6.7383661608,232.2188551718668,117.81,114.4088551718668,97.11302535596876,0,106920830.0,4.613781714,11.69572987,0.7
opex_minus_10,SOLAR JAIBA 9,2018-04-04,2018,4,8.846560977,263.4628183554364,117.81,145.6528183554364,123.63366297889517,0,106920830.0,5.613781714,13.69572987,0.6
baseline,SERTAO SOLAR BARREIRAS V,2018-04-04,2018,4,8.846560977,201.57834004262222,118.5,83.07834004262222,70.10830383343647,0,133088220.0,5.613781714,13.69572987,0.6
capex_minus_10,SERTAO SOLAR BARREIRAS V,2018-04-04,2018,4,8.846560977,184.7923310547735,118.5,66.29233105477351,55.94289540487216,0,119779398.0,5.613781714,13.69572987,0.6
capex_minus_15,SERTAO SOLAR BARREIRAS V,2018-04-04,2018,4,8.846560977,176.39932656084918,118.5,57.899326560849175,48.860191190590015,0,113124987.0,5.613781714,13.69572987,0.6
coe_minus_200bps,SERTAO SOLAR BARREIRAS V,2018-04-04,2018,4,8.0465609764,191.1352201036446,118.5,72.6352201036446,61.29554439126127,0,133088220.0,5.613781714,11.69572987,0.6
tech_premium_half,SERTAO SOLAR BARREIRAS V,2018-04-04,2018,4,7.57068048826,185.06117284391945,118.5,66.56117284391945,56.1697661130122,0,133088220.0,4.5558908571,12.092864935,0.6
cod_minus_100bps,SERTAO SOLAR BARREIRAS V,2018-04-04,2018,4,8.2465609764,193.71928200978002,118.5,75.21928200978002,63.47618735002533,0,133088220.0,4.613781714,13.69572987,0.6
cod_minus_200bps,SERTAO SOLAR BARREIRAS V,2018-04-04,2018,4,7.6465609764,186.02254136783472,118.5,67.52254136783472,56.981047567793006,0,133088220.0,3.613781714,13.69572987,0.6
debt_share_plus_10pp,SERTAO SOLAR BARREIRAS V,2018-04-04,2018,4,8.038366160799999,191.029730026442,118.5,72.529730026442,61.20652322906498,0,133088220.0,5.613781714,13.69572987,0.7
combined_financing_relief,SERTAO SOLAR BARREIRAS V,2018-04-04,2018,4,6.7383661608,174.70127394901797,118.5,56.201273949017974,47.427235400015164,0,133088220.0,4.613781714,11.69572987,0.7
opex_minus_10,SERTAO SOLAR BARREIRAS V,2018-04-04,2018,4,8.846560977,198.20651502620868,118.5,79.70651502620868,67.26288187865711,0,133088220.0,5.613781714,13.69572987,0.6
baseline,MILAGRES V,2019-05-28,2019,5,10.81944392,211.92465347425852,64.99,146.93465347425854,226.08809582129336,0,135669310.0,7.106976113,16.38814563,0.6
capex_minus_10,MILAGRES V,2019-05-28,2019,5,10.81944392,193.7768754381439,64.99,128.7868754381439,198.16414131119237,0,122102379.0,7.106976113,16.38814563,0.6
capex_minus_15,MILAGRES V,2019-05-28,2019,5,10.81944392,184.70298642008657,64.99,119.71298642008658,184.20216405614184,0,115318913.5,7.106976113,16.38814563,0.6
coe_minus_200bps,MILAGRES V,2019-05-28,2019,5,10.0194439198,201.64843389954143,64.99,136.65843389954142,210.27609462923746,0,135669310.0,7.106976113,14.38814563,0.6
tech_premium_half,MILAGRES V,2019-05-28,2019,5,9.562501958750001,195.8784534258764,64.99,130.88845342587638,201.39783570684165,0,135669310.0,6.06478805625,14.8090728125,0.6
cod_minus_100bps,MILAGRES V,2019-05-28,2019,5,10.2194439198,204.1971677921891,64.99,139.20716779218913,214.19782703829688,0,135669310.0,6.106976113,16.38814563,0.6
cod_minus_200bps,MILAGRES V,2019-05-28,2019,5,9.6194439198,196.59336492908358,64.99,131.60336492908357,202.49786879378914,0,135669310.0,5.106976113,16.38814563,0.6
debt_share_plus_10pp,MILAGRES V,2019-05-28,2019,5,9.8913269681,200.02310973588465,64.99,135.03310973588464,207.77521116461708,0,135669310.0,7.106976113,16.38814563,0.7
combined_financing_relief,MILAGRES V,2019-05-28,2019,5,8.5913269681,183.87467416421623,64.99,118.88467416421624,182.92764142824473,0,135669310.0,6.106976113,14.38814563,0.7
opex_minus_10,MILAGRES V,2019-05-28,2019,5,10.81944392,208.87996616294728,64.99,143.8899661629473,221.403240749265,0,135669310.0,7.106976113,16.38814563,0.6
baseline,MILAGRES IV,2019-05-28,2019,5,10.81944392,211.92465347425852,64.99,146.93465347425854,226.08809582129336,0,135669310.0,7.106976113,16.38814563,0.6
capex_minus_10,MILAGRES IV,2019-05-28,2019,5,10.81944392,193.7768754381439,64.99,128.7868754381439,198.16414131119237,0,122102379.0,7.106976113,16.38814563,0.6
capex_minus_15,MILAGRES IV,2019-05-28,2019,5,10.81944392,184.70298642008657,64.99,119.71298642008658,184.20216405614184,0,115318913.5,7.106976113,16.38814563,0.6
coe_minus_200bps,MILAGRES IV,2019-05-28,2019,5,10.0194439198,201.64843389954143,64.99,136.65843389954142,210.27609462923746,0,135669310.0,7.106976113,14.38814563,0.6
tech_premium_half,MILAGRES IV,2019-05-28,2019,5,9.562501958750001,195.8784534258764,64.99,130.88845342587638,201.39783570684165,0,135669310.0,6.06478805625,14.8090728125,0.6
cod_minus_100bps,MILAGRES IV,2019-05-28,2019,5,10.2194439198,204.1971677921891,64.99,139.20716779218913,214.19782703829688,0,135669310.0,6.106976113,16.38814563,0.6
cod_minus_200bps,MILAGRES IV,2019-05-28,2019,5,9.6194439198,196.59336492908358,64.99,131.60336492908357,202.49786879378914,0,135669310.0,5.106976113,16.38814563,0.6
debt_share_plus_10pp,MILAGRES IV,2019-05-28,2019,5,9.8913269681,200.02310973588465,64.99,135.03310973588464,207.77521116461708,0,135669310.0,7.106976113,16.38814563,0.7
combined_financing_relief,MILAGRES IV,2019-05-28,2019,5,8.5913269681,183.87467416421623,64.99,118.88467416421624,182.92764142824473,0,135669310.0,6.106976113,14.38814563,0.7
opex_minus_10,MILAGRES IV,2019-05-28,2019,5,10.81944392,208.87996616294728,64.99,143.8899661629473,221.403240749265,0,135669310.0,7.106976113,16.38814563,0.6
baseline,MILAGRES III,2019-05-28,2019,5,10.81944392,214.06530653965507,64.99,149.07530653965506,229.38191497100334,0,135669310.0,7.106976113,16.38814563,0.6
capex_minus_10,MILAGRES III,2019-05-28,2019,5,10.81944392,195.73421761428676,64.99,130.74421761428675,201.17590031433568,0,122102379.0,7.106976113,16.38814563,0.6
capex_minus_15,MILAGRES III,2019-05-28,2019,5,10.81944392,186.5686731516026,64.99,121.57867315160262,187.0728929860019,0,115318913.5,7.106976113,16.38814563,0.6
coe_minus_200bps,MILAGRES III,2019-05-28,2019,5,10.0194439198,203.68528676721357,64.99,138.6952867672136,213.41019659518943,0,135669310.0,7.106976113,14.38814563,0.6
tech_premium_half,MILAGRES III,2019-05-28,2019,5,9.562501958750001,197.85702366250138,64.99,132.86702366250137,204.442258289739,0,135669310.0,6.06478805625,14.8090728125,0.6
cod_minus_100bps,MILAGRES III,2019-05-28,2019,5,10.2194439198,206.25976544665568,64.99,141.2697654466557,217.37154246292616,0,135669310.0,6.106976113,16.38814563,0.6
cod_minus_200bps,MILAGRES III,2019-05-28,2019,5,9.6194439198,198.57915649402383,64.99,133.58915649402383,205.55340282200928,0,135669310.0,5.106976113,16.38814563,0.6
debt_share_plus_10pp,MILAGRES III,2019-05-28,2019,5,9.8913269681,202.04354518776228,64.99,137.05354518776227,210.88405168143143,0,135669310.0,7.106976113,16.38814563,0.7
combined_financing_relief,MILAGRES III,2019-05-28,2019,5,8.5913269681,185.73199410526897,64.99,120.74199410526897,185.78549639216646,0,135669310.0,6.106976113,14.38814563,0.7
opex_minus_10,MILAGRES III,2019-05-28,2019,5,10.81944392,210.98986481105788,64.99,145.99986481105788,224.64973813057068,0,135669310.0,7.106976113,16.38814563,0.6
baseline,MILAGRES II,2019-05-28,2019,5,10.81944392,211.92465347425852,64.99,146.93465347425854,226.08809582129336,0,135669310.0,7.106976113,16.38814563,0.6
capex_minus_10,MILAGRES II,2019-05-28,2019,5,10.81944392,193.7768754381439,64.99,128.7868754381439,198.16414131119237,0,122102379.0,7.106976113,16.38814563,0.6
capex_minus_15,MILAGRES II,2019-05-28,2019,5,10.81944392,184.70298642008657,64.99,119.71298642008658,184.20216405614184,0,115318913.5,7.106976113,16.38814563,0.6
coe_minus_200bps,MILAGRES II,2019-05-28,2019,5,10.0194439198,201.64843389954143,64.99,136.65843389954142,210.27609462923746,0,135669310.0,7.106976113,14.38814563,0.6
tech_premium_half,MILAGRES II,2019-05-28,2019,5,9.562501958750001,195.8784534258764,64.99,130.88845342587638,201.39783570684165,0,135669310.0,6.06478805625,14.8090728125,0.6
cod_minus_100bps,MILAGRES II,2019-05-28,2019,5,10.2194439198,204.1971677921891,64.99,139.20716779218913,214.19782703829688,0,135669310.0,6.106976113,16.38814563,0.6
cod_minus_200bps,MILAGRES II,2019-05-28,2019,5,9.6194439198,196.59336492908358,64.99,131.60336492908357,202.49786879378914,0,135669310.0,5.106976113,16.38814563,0.6
debt_share_plus_10pp,MILAGRES II,2019-05-28,2019,5,9.8913269681,200.02310973588465,64.99,135.03310973588464,207.77521116461708,0,135669310.0,7.106976113,16.38814563,0.7
combined_financing_relief,MILAGRES II,2019-05-28,2019,5,8.5913269681,183.87467416421623,64.99,118.88467416421624,182.92764142824473,0,135669310.0,6.106976113,14.38814563,0.7
opex_minus_10,MILAGRES II,2019-05-28,2019,5,10.81944392,208.87996616294728,64.99,143.8899661629473,221.403240749265,0,135669310.0,7.106976113,16.38814563,0.6
baseline,MILAGRES I,2019-05-28,2019,5,10.81944392,214.06530653965507,64.99,149.07530653965506,229.38191497100334,0,135669310.0,7.106976113,16.38814563,0.6
capex_minus_10,MILAGRES I,2019-05-28,2019,5,10.81944392,195.73421761428676,64.99,130.74421761428675,201.17590031433568,0,122102379.0,7.106976113,16.38814563,0.6
capex_minus_15,MILAGRES I,2019-05-28,2019,5,10.81944392,186.5686731516026,64.99,121.57867315160262,187.0728929860019,0,115318913.5,7.106976113,16.38814563,0.6
coe_minus_200bps,MILAGRES I,2019-05-28,2019,5,10.0194439198,203.68528676721357,64.99,138.6952867672136,213.41019659518943,0,135669310.0,7.106976113,14.38814563,0.6
tech_premium_half,MILAGRES I,2019-05-28,2019,5,9.562501958750001,197.85702366250138,64.99,132.86702366250137,204.442258289739,0,135669310.0,6.06478805625,14.8090728125,0.6
cod_minus_100bps,MILAGRES I,2019-05-28,2019,5,10.2194439198,206.25976544665568,64.99,141.2697654466557,217.37154246292616,0,135669310.0,6.106976113,16.38814563,0.6
cod_minus_200bps,MILAGRES I,2019-05-28,2019,5,9.6194439198,198.57915649402383,64.99,133.58915649402383,205.55340282200928,0,135669310.0,5.106976113,16.38814563,0.6
debt_share_plus_10pp,MILAGRES I,2019-05-28,2019,5,9.8913269681,202.04354518776228,64.99,137.05354518776227,210.88405168143143,0,135669310.0,7.106976113,16.38814563,0.7
combined_financing_relief,MILAGRES I,2019-05-28,2019,5,8.5913269681,185.73199410526897,64.99,120.74199410526897,185.78549639216646,0,135669310.0,6.106976113,14.38814563,0.7
opex_minus_10,MILAGRES I,2019-05-28,2019,5,10.81944392,210.98986481105788,64.99,145.99986481105788,224.64973813057068,0,135669310.0,7.106976113,16.38814563,0.6
baseline,JAÍBA SE1,2019-05-28,2019,5,10.81944392,225.9054122460516,73.6,152.30541224605162,206.93670142126578,0,177881950.0,7.106976113,16.38814563,0.6
capex_minus_10,JAÍBA SE1,2019-05-28,2019,5,10.81944392,206.56041764636146,73.6,132.96041764636146,180.65274136733896,0,160093755.0,7.106976113,16.38814563,0.6
capex_minus_15,JAÍBA SE1,2019-05-28,2019,5,10.81944392,196.88792034651635,73.6,123.28792034651636,167.5107613403755,0,151199657.5,7.106976113,16.38814563,0.6
coe_minus_200bps,JAÍBA SE1,2019-05-28,2019,5,10.0194439198,214.95126613706412,73.6,141.35126613706413,192.0533507297067,0,177881950.0,7.106976113,14.38814563,0.6
tech_premium_half,JAÍBA SE1,2019-05-28,2019,5,9.562501958750001,208.80063762093903,73.6,135.20063762093903,183.69651850671065,0,177881950.0,6.06478805625,14.8090728125,0.6
cod_minus_100bps,JAÍBA SE1,2019-05-28,2019,5,10.2194439198,217.66814107827463,73.6,144.06814107827464,195.7447568998297,0,177881950.0,6.106976113,16.38814563,0.6
cod_minus_200bps,JAÍBA SE1,2019-05-28,2019,5,9.6194439198,209.56271213716903,73.6,135.96271213716904,184.7319458385449,0,177881950.0,5.106976113,16.38814563,0.6
debt_share_plus_10pp,JAÍBA SE1,2019-05-28,2019,5,9.8913269681,213.21871865365847,73.6,139.61871865365848,189.69934599681858,0,177881950.0,7.106976113,16.38814563,0.7
combined_financing_relief,JAÍBA SE1,2019-05-28,2019,5,8.5913269681,196.00496398485606,73.6,122.40496398485607,166.31109237072837,0,177881950.0,6.106976113,14.38814563,0.7
opex_minus_10,JAÍBA SE1,2019-05-28,2019,5,10.81944392,222.65986562113662,73.6,149.05986562113662,202.52699133306606,0,177881950.0,7.106976113,16.38814563,0.6
baseline,GAMELEIRA 1,2019-10-18,2019,10,8.536074381,222.19761997592497,84.39,137.80761997592498,163.29851875331792,0,141510000.0,5.236946095,13.48476681,0.6
capex_minus_10,GAMELEIRA 1,2019-10-18,2019,10,8.536074381,203.7884955409154,84.39,119.39849554091539,141.48417530621566,0,127359000.0,5.236946095,13.48476681,0.6
capex_minus_15,GAMELEIRA 1,2019-10-18,2019,10,8.536074381,194.58393332341058,84.39,110.19393332341058,130.5770035826645,0,120283500.0,5.236946095,13.48476681,0.6
coe_minus_200bps,GAMELEIRA 1,2019-10-18,2019,10,7.736074381,210.5735654687005,84.39,126.18356546870051,149.5243103077385,0,141510000.0,5.236946095,11.48476681,0.6
tech_premium_half,GAMELEIRA 1,2019-10-18,2019,10,7.28843719038,204.2161968449466,84.39,119.82619684494661,141.99099045496695,0,141510000.0,4.2024730473,11.917383404999999,0.6
cod_minus_100bps,GAMELEIRA 1,2019-10-18,2019,10,7.936074381000001,213.44864168757323,84.39,129.05864168757324,152.93120237892316,0,141510000.0,4.236946095,13.48476681,0.6
cod_minus_200bps,GAMELEIRA 1,2019-10-18,2019,10,7.336074381000001,204.88755335461232,84.39,120.49755335461232,142.7865308148031,0,141510000.0,3.2369460950000004,13.48476681,0.6
debt_share_plus_10pp,GAMELEIRA 1,2019-10-18,2019,10,7.711292309500001,210.2187860344667,84.39,125.82878603446669,149.10390571687012,0,141510000.0,5.236946095,13.48476681,0.7
combined_financing_relief,GAMELEIRA 1,2019-10-18,2019,10,6.4112923095,192.08383957776778,84.39,107.69383957776778,127.61445618884675,0,141510000.0,4.236946095,11.48476681,0.7
opex_minus_10,GAMELEIRA 1,2019-10-18,2019,10,8.536074381,218.38698241334208,84.39,133.9969824133421,158.78301032508838,0,141510000.0,5.236946095,13.48476681,0.6
baseline,GAMELEIRA 2,2019-10-18,2019,10,8.536074381,222.19761997592497,84.38,137.81761997592497,163.3297226545686,0,141510000.0,5.236946095,13.48476681,0.6
capex_minus_10,GAMELEIRA 2,2019-10-18,2019,10,8.536074381,203.7884955409154,84.38,119.4084955409154,141.5127939569986,0,127359000.0,5.236946095,13.48476681,0.6
capex_minus_15,GAMELEIRA 2,2019-10-18,2019,10,8.536074381,194.58393332341058,84.38,110.20393332341058,130.60432960821353,0,120283500.0,5.236946095,13.48476681,0.6
coe_minus_200bps,GAMELEIRA 2,2019-10-18,2019,10,7.736074381,210.5735654687005,84.38,126.19356546870051,149.5538818069454,0,141510000.0,5.236946095,11.48476681,0.6
tech_premium_half,GAMELEIRA 2,2019-10-18,2019,10,7.28843719038,204.2161968449466,84.38,119.83619684494661,142.01966916917115,0,141510000.0,4.2024730473,11.917383404999999,0.6
cod_minus_100bps,GAMELEIRA 2,2019-10-18,2019,10,7.936074381000001,213.44864168757323,84.38,129.06864168757323,152.9611776340048,0,141510000.0,4.236946095,13.48476681,0.6
cod_minus_200bps,GAMELEIRA 2,2019-10-18,2019,10,7.336074381000001,204.88755335461232,84.38,120.50755335461233,142.81530380968513,0,141510000.0,3.2369460950000004,13.48476681,0.6
debt_share_plus_10pp,GAMELEIRA 2,2019-10-18,2019,10,7.711292309500001,210.2187860344667,84.38,125.8387860344667,149.1334273933002,0,141510000.0,5.236946095,13.48476681,0.7
combined_financing_relief,GAMELEIRA 2,2019-10-18,2019,10,6.4112923095,192.08383957776778,84.38,107.70383957776778,127.64143111847332,0,141510000.0,4.236946095,11.48476681,0.7
opex_minus_10,GAMELEIRA 2,2019-10-18,2019,10,8.536074381,218.38698241334208,84.38,134.0069824133421,158.8136790866818,0,141510000.0,5.236946095,13.48476681,0.6
baseline,GAMELEIRA 3,2019-10-18,2019,10,8.536074381,222.19761997592497,84.37,137.82761997592496,163.36093395273787,0,141510000.0,5.236946095,13.48476681,0.6
capex_minus_10,GAMELEIRA 3,2019-10-18,2019,10,8.536074381,203.7884955409154,84.37,119.41849554091539,141.54141939186366,0,127359000.0,5.236946095,13.48476681,0.6
capex_minus_15,GAMELEIRA 3,2019-10-18,2019,10,8.536074381,194.58393332341058,84.37,110.21393332341057,130.63166211142655,0,120283500.0,5.236946095,13.48476681,0.6
coe_minus_200bps,GAMELEIRA 3,2019-10-18,2019,10,7.736074381,210.5735654687005,84.37,126.2035654687005,149.58346031610822,0,141510000.0,5.236946095,11.48476681,0.6
tech_premium_half,GAMELEIRA 3,2019-10-18,2019,10,7.28843719038,204.2161968449466,84.37,119.8461968449466,142.04835468169563,0,141510000.0,4.2024730473,11.917383404999999,0.6
cod_minus_100bps,GAMELEIRA 3,2019-10-18,2019,10,7.936074381000001,213.44864168757323,84.37,129.07864168757322,152.99115999475313,0,141510000.0,4.236946095,13.48476681,0.6
cod_minus_200bps,GAMELEIRA 3,2019-10-18,2019,10,7.336074381000001,204.88755335461232,84.37,120.51755335461232,142.8440836252368,0,141510000.0,3.2369460950000004,13.48476681,0.6
debt_share_plus_10pp,GAMELEIRA 3,2019-10-18,2019,10,7.711292309500001,210.2187860344667,84.37,125.84878603446668,149.16295606787565,0,141510000.0,5.236946095,13.48476681,0.7
combined_financing_relief,GAMELEIRA 3,2019-10-18,2019,10,6.4112923095,192.08383957776778,84.37,107.71383957776777,127.66841244253617,0,141510000.0,4.236946095,11.48476681,0.7
opex_minus_10,GAMELEIRA 3,2019-10-18,2019,10,8.536074381,218.38698241334208,84.37,134.01698241334208,158.84435511833837,0,141510000.0,5.236946095,13.48476681,0.6
baseline,GAMELEIRA 4,2019-10-18,2019,10,8.536074381,222.19761997592497,84.36,137.83761997592495,163.39215265045632,0,141510000.0,5.236946095,13.48476681,0.6
capex_minus_10,GAMELEIRA 4,2019-10-18,2019,10,8.536074381,203.7884955409154,84.36,119.42849554091539,141.57005161322357,0,127359000.0,5.236946095,13.48476681,0.6
capex_minus_15,GAMELEIRA 4,2019-10-18,2019,10,8.536074381,194.58393332341058,84.36,110.22393332341058,130.65900109460713,0,120283500.0,5.236946095,13.48476681,0.6
coe_minus_200bps,GAMELEIRA 4,2019-10-18,2019,10,7.736074381,210.5735654687005,84.36,126.21356546870051,149.6130458377199,0,141510000.0,5.236946095,11.48476681,0.6
tech_premium_half,GAMELEIRA 4,2019-10-18,2019,10,7.28843719038,204.2161968449466,84.36,119.85619684494661,142.07704699495804,0,141510000.0,4.2024730473,11.917383404999999,0.6
cod_minus_100bps,GAMELEIRA 4,2019-10-18,2019,10,7.936074381000001,213.44864168757323,84.36,129.08864168757322,153.02114946369514,0,141510000.0,4.236946095,13.48476681,0.6
cod_minus_200bps,GAMELEIRA 4,2019-10-18,2019,10,7.336074381000001,204.88755335461232,84.36,120.52755335461232,142.87287026388373,0,141510000.0,3.2369460950000004,13.48476681,0.6
debt_share_plus_10pp,GAMELEIRA 4,2019-10-18,2019,10,7.711292309500001,210.2187860344667,84.36,125.85878603446669,149.1924917430852,0,141510000.0,5.236946095,13.48476681,0.7
combined_financing_relief,GAMELEIRA 4,2019-10-18,2019,10,6.4112923095,192.08383957776778,84.36,107.72383957776778,127.69540016330936,0,141510000.0,4.236946095,11.48476681,0.7
opex_minus_10,GAMELEIRA 4,2019-10-18,2019,10,8.536074381,218.38698241334208,84.36,134.02698241334207,158.8750384226435,0,141510000.0,5.236946095,13.48476681,0.6
baseline,GRAVIOLA 1,2019-10-18,2019,10,8.536074381,170.7614380068287,84.5,86.26143800682871,102.08454201991563,0,289584000.0,5.236946095,13.48476681,0.6
capex_minus_10,GRAVIOLA 1,2019-10-18,2019,10,8.536074381,156.61381319739334,84.5,72.11381319739334,85.34179076614596,0,260625600.0,5.236946095,13.48476681,0.6
capex_minus_15,GRAVIOLA 1,2019-10-18,2019,10,8.536074381,149.54000079267567,84.5,65.04000079267567,76.97041513926115,0,246146400.0,5.236946095,13.48476681,0.6
coe_minus_200bps,GRAVIOLA 1,2019-10-18,2019,10,7.736074381,161.82821782499929,84.5,77.32821782499929,91.5126838165672,0,289584000.0,5.236946095,11.48476681,0.6
tech_premium_half,GRAVIOLA 1,2019-10-18,2019,10,7.28843719038,156.9425065907865,84.5,72.44250659078651,85.73077703051658,0,289584000.0,4.2024730473,11.917383404999999,0.6
cod_minus_100bps,GRAVIOLA 1,2019-10-18,2019,10,7.936074381000001,164.03774711503908,84.5,79.53774711503908,94.12751137874447,0,289584000.0,4.236946095,13.48476681,0.6
cod_minus_200bps,GRAVIOLA 1,2019-10-18,2019,10,7.336074381000001,157.45845182466516,84.5,72.95845182466516,86.34136310611261,0,289584000.0,3.2369460950000004,13.48476681,0.6
debt_share_plus_10pp,GRAVIOLA 1,2019-10-18,2019,10,7.711292309500001,161.55556573101384,84.5,77.05556573101384,91.19001861658444,0,289584000.0,5.236946095,13.48476681,0.7
combined_financing_relief,GRAVIOLA 1,2019-10-18,2019,10,6.4112923095,147.6186498654961,84.5,63.11864986549611,74.69662705975871,0,289584000.0,4.236946095,11.48476681,0.7
opex_minus_10,GRAVIOLA 1,2019-10-18,2019,10,8.536074381,167.8329190155812,84.5,83.33291901558121,98.61883907169374,0,289584000.0,5.236946095,13.48476681,0.6
baseline,GRAVIOLA 2,2019-10-18,2019,10,8.536074381,170.7614380068287,84.55,86.21143800682871,101.96503608140593,0,289584000.0,5.236946095,13.48476681,0.6
capex_minus_10,GRAVIOLA 2,2019-10-18,2019,10,8.536074381,156.61381319739334,84.55,72.06381319739334,85.2321859224049,0,260625600.0,5.236946095,13.48476681,0.6
capex_minus_15,GRAVIOLA 2,2019-10-18,2019,10,8.536074381,149.54000079267567,84.55,64.99000079267567,76.86576084290441,0,246146400.0,5.236946095,13.48476681,0.6
coe_minus_200bps,GRAVIOLA 2,2019-10-18,2019,10,7.736074381,161.82821782499929,84.55,77.27821782499929,91.39942971614346,0,289584000.0,5.236946095,11.48476681,0.6
tech_premium_half,GRAVIOLA 2,2019-10-18,2019,10,7.28843719038,156.9425065907865,84.55,72.39250659078651,85.62094215350268,0,289584000.0,4.2024730473,11.917383404999999,0.6
cod_minus_100bps,GRAVIOLA 2,2019-10-18,2019,10,7.936074381000001,164.03774711503908,84.55,79.48774711503908,94.01271095805924,0,289584000.0,4.236946095,13.48476681,0.6
cod_minus_200bps,GRAVIOLA 2,2019-10-18,2019,10,7.336074381000001,157.45845182466516,84.55,72.90845182466516,86.23116714921959,0,289584000.0,3.2369460950000004,13.48476681,0.6
debt_share_plus_10pp,GRAVIOLA 2,2019-10-18,2019,10,7.711292309500001,161.55556573101384,84.55,77.00556573101385,91.07695532940727,0,289584000.0,5.236946095,13.48476681,0.7
combined_financing_relief,GRAVIOLA 2,2019-10-18,2019,10,6.4112923095,147.6186498654961,84.55,63.06864986549611,74.5933174044898,0,289584000.0,4.236946095,11.48476681,0.7
opex_minus_10,GRAVIOLA 2,2019-10-18,2019,10,8.536074381,167.8329190155812,84.55,83.28291901558121,98.50138263226637,0,289584000.0,5.236946095,13.48476681,0.6
baseline,GRAVIOLA 3,2019-10-18,2019,10,8.536074381,170.01899697201642,84.0,86.01899697201642,102.40356782382906,0,289584000.0,5.236946095,13.48476681,0.6
capex_minus_10,GRAVIOLA 3,2019-10-18,2019,10,8.536074381,155.932883574796,84.0,71.932883574796,85.63438520809046,0,260625600.0,5.236946095,13.48476681,0.6
capex_minus_15,GRAVIOLA 3,2019-10-18,2019,10,8.536074381,148.8898268761858,84.0,64.8898268761858,77.24979390022119,0,246146400.0,5.236946095,13.48476681,0.6
coe_minus_200bps,GRAVIOLA 3,2019-10-18,2019,10,7.736074381,161.12461687793402,84.0,77.12461687793402,91.81502009277858,0,289584000.0,5.236946095,11.48476681,0.6
tech_premium_half,GRAVIOLA 3,2019-10-18,2019,10,7.28843719038,156.26014786647875,84.0,72.26014786647875,86.02398555533183,0,289584000.0,4.2024730473,11.917383404999999,0.6
cod_minus_100bps,GRAVIOLA 3,2019-10-18,2019,10,7.936074381000001,163.3245395188867,84.0,79.3245395188867,94.43397561772225,0,289584000.0,4.236946095,13.48476681,0.6
cod_minus_200bps,GRAVIOLA 3,2019-10-18,2019,10,7.336074381000001,156.77384986021005,84.0,72.77384986021005,86.6355355478691,0,289584000.0,3.2369460950000004,13.48476681,0.6
debt_share_plus_10pp,GRAVIOLA 3,2019-10-18,2019,10,7.711292309500001,160.85315022783547,84.0,76.85315022783547,91.49184550932794,0,289584000.0,5.236946095,13.48476681,0.7
combined_financing_relief,GRAVIOLA 3,2019-10-18,2019,10,6.4112923095,146.9768296486896,84.0,62.9768296486896,74.97241624844,0,289584000.0,4.236946095,11.48476681,0.7
opex_minus_10,GRAVIOLA 3,2019-10-18,2019,10,8.536074381,167.1032106720352,84.0,83.1032106720352,98.93239365718478,0,289584000.0,5.236946095,13.48476681,0.6
baseline,GRAVIOLA 4,2019-10-18,2019,10,8.536074381,170.7614380068287,84.0,86.76143800682871,103.2874261986056,0,289584000.0,5.236946095,13.48476681,0.6
capex_minus_10,GRAVIOLA 4,2019-10-18,2019,10,8.536074381,156.61381319739334,84.0,72.61381319739334,86.44501571118255,0,260625600.0,5.236946095,13.48476681,0.6
capex_minus_15,GRAVIOLA 4,2019-10-18,2019,10,8.536074381,149.54000079267567,84.0,65.54000079267567,78.02381046747104,0,246146400.0,5.236946095,13.48476681,0.6
coe_minus_200bps,GRAVIOLA 4,2019-10-18,2019,10,7.736074381,161.82821782499929,84.0,77.82821782499929,92.65264026785628,0,289584000.0,5.236946095,11.48476681,0.6
tech_premium_half,GRAVIOLA 4,2019-10-18,2019,10,7.28843719038,156.9425065907865,84.0,72.94250659078651,86.83631736998395,0,289584000.0,4.2024730473,11.917383404999999,0.6
cod_minus_100bps,GRAVIOLA 4,2019-10-18,2019,10,7.936074381000001,164.03774711503908,84.0,80.03774711503908,95.28303227980844,0,289584000.0,4.236946095,13.48476681,0.6
cod_minus_200bps,GRAVIOLA 4,2019-10-18,2019,10,7.336074381000001,157.45845182466516,84.0,73.45845182466516,87.45053788650614,0,289584000.0,3.2369460950000004,13.48476681,0.6
debt_share_plus_10pp,GRAVIOLA 4,2019-10-18,2019,10,7.711292309500001,161.55556573101384,84.0,77.55556573101384,92.32805444168315,0,289584000.0,5.236946095,13.48476681,0.7
combined_financing_relief,GRAVIOLA 4,2019-10-18,2019,10,6.4112923095,147.6186498654961,84.0,63.61864986549611,75.73648793511441,0,289584000.0,4.236946095,11.48476681,0.7
opex_minus_10,GRAVIOLA 4,2019-10-18,2019,10,8.536074381,167.8329190155812,84.0,83.83291901558121,99.8010940661681,0,289584000.0,5.236946095,13.48476681,0.6
baseline,LUIZ GONZAGA II,2019-10-18,2019,10,8.536074381,181.55910194243873,84.4,97.15910194243872,115.11741936307904,0,121006810.0,5.236946095,13.48476681,0.6
capex_minus_10,LUIZ GONZAGA II,2019-10-18,2019,10,8.536074381,166.51688817203174,84.4,82.11688817203174,97.29489119908973,0,108906129.0,5.236946095,13.48476681,0.6
capex_minus_15,LUIZ GONZAGA II,2019-10-18,2019,10,8.536074381,158.99578128682825,84.4,74.59578128682824,88.38362711709506,0,102855788.5,5.236946095,13.48476681,0.6
coe_minus_200bps,LUIZ GONZAGA II,2019-10-18,2019,10,7.736074381,172.06101237376927,84.4,87.66101237376927,103.86375873669344,0,121006810.0,5.236946095,11.48476681,0.6
tech_premium_half,LUIZ GONZAGA II,2019-10-18,2019,10,7.28843719038,166.86636565461552,84.4,82.46636565461552,97.70896404575298,0,121006810.0,4.2024730473,11.917383404999999,0.6
cod_minus_100bps,LUIZ GONZAGA II,2019-10-18,2019,10,7.936074381000001,174.4102556112798,84.4,90.0102556112798,106.64722228824621,0,121006810.0,4.236946095,13.48476681,0.6
cod_minus_200bps,LUIZ GONZAGA II,2019-10-18,2019,10,7.336074381000001,167.4149353690225,84.4,83.01493536902248,98.3589281623489,0,121006810.0,3.2369460950000004,13.48476681,0.6
debt_share_plus_10pp,LUIZ GONZAGA II,2019-10-18,2019,10,7.711292309500001,171.7711198202397,84.4,87.3711198202397,103.52028414720343,0,121006810.0,5.236946095,13.48476681,0.7
combined_financing_relief,LUIZ GONZAGA II,2019-10-18,2019,10,6.4112923095,156.9529386373782,84.4,72.55293863737819,85.96319743765189,0,121006810.0,4.236946095,11.48476681,0.7
opex_minus_10,LUIZ GONZAGA II,2019-10-18,2019,10,8.536074381,178.44540551860186,84.4,94.04540551860185,111.42820559076047,0,121006810.0,5.236946095,13.48476681,0.6
baseline,SERRA DO MEL I,2019-10-18,2019,10,8.536074381,144.45282020640997,84.9,59.55282020640996,70.14466455407533,0,223574150.0,5.236946095,13.48476681,0.6
capex_minus_10,SERRA DO MEL I,2019-10-18,2019,10,8.536074381,132.4848704914278,84.9,47.58487049142781,56.04813956587492,0,201216735.0,5.236946095,13.48476681,0.6
capex_minus_15,SERRA DO MEL I,2019-10-18,2019,10,8.536074381,126.50089563393674,84.9,41.60089563393673,48.999877071774705,0,190038027.5,5.236946095,13.48476681,0.6
coe_minus_200bps,SERRA DO MEL I,2019-10-18,2019,10,7.736074381,136.8959100272405,84.9,51.995910027240484,61.24371027943519,0,223574150.0,5.236946095,11.48476681,0.6
tech_premium_half,SERRA DO MEL I,2019-10-18,2019,10,7.28843719038,132.76292324230758,84.9,47.86292324230757,56.37564575065673,0,223574150.0,4.2024730473,11.917383404999999,0.6
cod_minus_100bps,SERRA DO MEL I,2019-10-18,2019,10,7.936074381000001,138.76502486413395,84.9,53.86502486413394,63.445258968355645,0,223574150.0,4.236946095,13.48476681,0.6
cod_minus_200bps,SERRA DO MEL I,2019-10-18,2019,10,7.336074381000001,133.199378597761,84.9,48.299378597761006,56.88972744141461,0,223574150.0,3.2369460950000004,13.48476681,0.6
debt_share_plus_10pp,SERRA DO MEL I,2019-10-18,2019,10,7.711292309500001,136.6652644881766,84.9,51.7652644881766,60.972042977828735,0,223574150.0,5.236946095,13.48476681,0.7
combined_financing_relief,SERRA DO MEL I,2019-10-18,2019,10,6.4112923095,124.87556052621117,84.9,39.97556052621117,47.08546587304024,0,223574150.0,4.236946095,11.48476681,0.7
opex_minus_10,SERRA DO MEL I,2019-10-18,2019,10,8.536074381,141.97548790075112,84.9,57.075487900751114,67.22672308686822,0,223574150.0,5.236946095,13.48476681,0.6
baseline,SERRA DO MEL II,2019-10-18,2019,10,8.536074381,143.76495602700928,84.0,59.764956027009276,71.14875717501104,0,74524720.0,5.236946095,13.48476681,0.6
capex_minus_10,SERRA DO MEL II,2019-10-18,2019,10,8.536074381,131.85399601601304,84.0,47.85399601601304,56.969042876206,0,67072248.0,5.236946095,13.48476681,0.6
capex_minus_15,SERRA DO MEL II,2019-10-18,2019,10,8.536074381,125.89851601051491,84.0,41.89851601051491,49.87918572680346,0,63346012.0,5.236946095,13.48476681,0.6
coe_minus_200bps,SERRA DO MEL II,2019-10-18,2019,10,7.736074381,136.24403079756928,84.0,52.24403079756928,62.19527475901104,0,74524720.0,5.236946095,11.48476681,0.6
tech_premium_half,SERRA DO MEL II,2019-10-18,2019,10,7.28843719038,132.13072471785256,84.0,48.13072471785256,57.29848180696733,0,74524720.0,4.2024730473,11.917383404999999,0.6
cod_minus_100bps,SERRA DO MEL II,2019-10-18,2019,10,7.936074381000001,138.10424517093657,84.0,54.104245170936565,64.40981567968639,0,74524720.0,4.236946095,13.48476681,0.6
cod_minus_200bps,SERRA DO MEL II,2019-10-18,2019,10,7.336074381000001,132.56510173392692,84.0,48.56510173392692,57.81559730229395,0,74524720.0,3.2369460950000004,13.48476681,0.6
debt_share_plus_10pp,SERRA DO MEL II,2019-10-18,2019,10,7.711292309500001,136.01448356031517,84.0,52.01448356031517,61.92200423847044,0,74524720.0,5.236946095,13.48476681,0.7
combined_financing_relief,SERRA DO MEL II,2019-10-18,2019,10,6.4112923095,124.28092052020713,84.0,40.28092052020713,47.95347680977039,0,74524720.0,4.236946095,11.48476681,0.7
opex_minus_10,SERRA DO MEL II,2019-10-18,2019,10,8.536074381,141.29942043530457,84.0,57.29942043530457,68.21359575631496,0,74524720.0,5.236946095,13.48476681,0.6
baseline,Boa Hora 4,2021-07-08,2021,7,11.96455829,316.7925961117681,120.0,196.7925961117681,163.99383009314008,0,109820000.0,9.334026866,18.10246495,0.7
capex_minus_10,Boa Hora 4,2021-07-08,2021,7,11.96455829,289.3015973637881,120.0,169.30159736378812,141.08466446982345,0,98838000.0,9.334026866,18.10246495,0.7
capex_minus_15,Boa Hora 4,2021-07-08,2021,7,11.96455829,275.5560979897981,120.0,155.5560979897981,129.6300816581651,0,93347000.0,9.334026866,18.10246495,0.7
coe_minus_200bps,Boa Hora 4,2021-07-08,2021,7,11.364558291200002,305.70818628147066,120.0,185.70818628147066,154.75682190122555,0,109820000.0,9.334026866,16.10246495,0.7
tech_premium_half,Boa Hora 4,2021-07-08,2021,7,10.896819145188001,297.17223731259037,120.0,177.17223731259037,147.64353109382532,0,109820000.0,8.40921343284,16.701232474,0.7
cod_minus_100bps,Boa Hora 4,2021-07-08,2021,7,11.2645582912,303.87530677697356,120.0,183.87530677697356,153.2294223141446,0,109820000.0,8.334026866,18.10246495,0.7
cod_minus_200bps,Boa Hora 4,2021-07-08,2021,7,10.564558291200001,291.16759993558793,120.0,171.16759993558793,142.63966661298994,0,109820000.0,7.334026866,18.10246495,0.7
debt_share_plus_10pp,Boa Hora 4,2021-07-08,2021,7,11.087714482800001,300.64447029865437,120.0,180.64447029865437,150.53705858221198,0,109820000.0,9.334026866,18.10246495,0.7999999999999999
combined_financing_relief,Boa Hora 4,2021-07-08,2021,7,9.8877144828,279.0953953863428,120.0,159.09539538634277,132.57949615528563,0,109820000.0,8.334026866,16.10246495,0.7999999999999999
opex_minus_10,Boa Hora 4,2021-07-08,2021,7,11.96455829,312.60433524857126,120.0,192.60433524857126,160.5036127071427,0,109820000.0,9.334026866,18.10246495,0.7
baseline,SANTA LUZIA VII,2021-07-08,2021,7,11.96455829,162.4738345152355,127.4,35.07383451523549,27.530482351048263,0,144693200.0,9.334026866,18.10246495,0.7
capex_minus_10,SANTA LUZIA VII,2021-07-08,2021,7,11.96455829,148.3744899109232,127.4,20.974489910923182,16.463492865716784,0,130223880.0,9.334026866,18.10246495,0.7
capex_minus_15,SANTA LUZIA VII,2021-07-08,2021,7,11.96455829,141.32481760876706,127.4,13.924817608767057,10.929998123051064,0,122989220.0,9.334026866,18.10246495,0.7
coe_minus_200bps,SANTA LUZIA VII,2021-07-08,2021,7,11.364558291200002,156.78895869965416,127.4,29.388958699654154,23.068256436149255,0,144693200.0,9.334026866,16.10246495,0.7
tech_premium_half,SANTA LUZIA VII,2021-07-08,2021,7,10.896819145188001,152.41111535038328,127.4,25.011115350383278,19.631958673770235,0,144693200.0,8.40921343284,16.701232474,0.7
cod_minus_100bps,SANTA LUZIA VII,2021-07-08,2021,7,11.2645582912,155.84892738292126,127.4,28.448927382921255,22.330398259749806,0,144693200.0,8.334026866,18.10246495,0.7
cod_minus_200bps,SANTA LUZIA VII,2021-07-08,2021,7,10.564558291200001,149.33150909904523,127.4,21.93150909904523,17.214685321071606,0,144693200.0,7.334026866,18.10246495,0.7
debt_share_plus_10pp,SANTA LUZIA VII,2021-07-08,2021,7,11.087714482800001,154.19192403850596,127.4,26.791924038505954,21.02976769113497,0,144693200.0,9.334026866,18.10246495,0.7999999999999999
combined_financing_relief,SANTA LUZIA VII,2021-07-08,2021,7,9.8877144828,143.14002170971074,127.4,15.740021709710732,12.354805109663054,0,144693200.0,8.334026866,16.10246495,0.7999999999999999
opex_minus_10,SANTA LUZIA VII,2021-07-08,2021,7,11.96455829,160.3257956680242,127.4,32.92579566802419,25.844423601274872,0,144693200.0,9.334026866,18.10246495,0.7
baseline,SANTA LUZIA V,2021-07-08,2021,7,11.96455829,162.4738345152355,127.4,35.07383451523549,27.530482351048263,0,144693200.0,9.334026866,18.10246495,0.7
capex_minus_10,SANTA LUZIA V,2021-07-08,2021,7,11.96455829,148.3744899109232,127.4,20.974489910923182,16.463492865716784,0,130223880.0,9.334026866,18.10246495,0.7
capex_minus_15,SANTA LUZIA V,2021-07-08,2021,7,11.96455829,141.32481760876706,127.4,13.924817608767057,10.929998123051064,0,122989220.0,9.334026866,18.10246495,0.7
coe_minus_200bps,SANTA LUZIA V,2021-07-08,2021,7,11.364558291200002,156.78895869965416,127.4,29.388958699654154,23.068256436149255,0,144693200.0,9.334026866,16.10246495,0.7
tech_premium_half,SANTA LUZIA V,2021-07-08,2021,7,10.896819145188001,152.41111535038328,127.4,25.011115350383278,19.631958673770235,0,144693200.0,8.40921343284,16.701232474,0.7
cod_minus_100bps,SANTA LUZIA V,2021-07-08,2021,7,11.2645582912,155.84892738292126,127.4,28.448927382921255,22.330398259749806,0,144693200.0,8.334026866,18.10246495,0.7
cod_minus_200bps,SANTA LUZIA V,2021-07-08,2021,7,10.564558291200001,149.33150909904523,127.4,21.93150909904523,17.214685321071606,0,144693200.0,7.334026866,18.10246495,0.7
debt_share_plus_10pp,SANTA LUZIA V,2021-07-08,2021,7,11.087714482800001,154.19192403850596,127.4,26.791924038505954,21.02976769113497,0,144693200.0,9.334026866,18.10246495,0.7999999999999999
combined_financing_relief,SANTA LUZIA V,2021-07-08,2021,7,9.8877144828,143.14002170971074,127.4,15.740021709710732,12.354805109663054,0,144693200.0,8.334026866,16.10246495,0.7999999999999999
opex_minus_10,SANTA LUZIA V,2021-07-08,2021,7,11.96455829,160.3257956680242,127.4,32.92579566802419,25.844423601274872,0,144693200.0,9.334026866,18.10246495,0.7
baseline,Boa Hora 5,2021-07-08,2021,7,11.96455829,316.7925961117681,120.0,196.7925961117681,163.99383009314008,0,109820000.0,9.334026866,18.10246495,0.7
capex_minus_10,Boa Hora 5,2021-07-08,2021,7,11.96455829,289.3015973637881,120.0,169.30159736378812,141.08466446982345,0,98838000.0,9.334026866,18.10246495,0.7
capex_minus_15,Boa Hora 5,2021-07-08,2021,7,11.96455829,275.5560979897981,120.0,155.5560979897981,129.6300816581651,0,93347000.0,9.334026866,18.10246495,0.7
coe_minus_200bps,Boa Hora 5,2021-07-08,2021,7,11.364558291200002,305.70818628147066,120.0,185.70818628147066,154.75682190122555,0,109820000.0,9.334026866,16.10246495,0.7
tech_premium_half,Boa Hora 5,2021-07-08,2021,7,10.896819145188001,297.17223731259037,120.0,177.17223731259037,147.64353109382532,0,109820000.0,8.40921343284,16.701232474,0.7
cod_minus_100bps,Boa Hora 5,2021-07-08,2021,7,11.2645582912,303.87530677697356,120.0,183.87530677697356,153.2294223141446,0,109820000.0,8.334026866,18.10246495,0.7
cod_minus_200bps,Boa Hora 5,2021-07-08,2021,7,10.564558291200001,291.16759993558793,120.0,171.16759993558793,142.63966661298994,0,109820000.0,7.334026866,18.10246495,0.7
debt_share_plus_10pp,Boa Hora 5,2021-07-08,2021,7,11.087714482800001,300.64447029865437,120.0,180.64447029865437,150.53705858221198,0,109820000.0,9.334026866,18.10246495,0.7999999999999999
combined_financing_relief,Boa Hora 5,2021-07-08,2021,7,9.8877144828,279.0953953863428,120.0,159.09539538634277,132.57949615528563,0,109820000.0,8.334026866,16.10246495,0.7999999999999999
opex_minus_10,Boa Hora 5,2021-07-08,2021,7,11.96455829,312.60433524857126,120.0,192.60433524857126,160.5036127071427,0,109820000.0,9.334026866,18.10246495,0.7
baseline,Boa Hora 6,2021-07-08,2021,7,11.96455829,316.7925961117681,120.0,196.7925961117681,163.99383009314008,0,109820000.0,9.334026866,18.10246495,0.7
capex_minus_10,Boa Hora 6,2021-07-08,2021,7,11.96455829,289.3015973637881,120.0,169.30159736378812,141.08466446982345,0,98838000.0,9.334026866,18.10246495,0.7
capex_minus_15,Boa Hora 6,2021-07-08,2021,7,11.96455829,275.5560979897981,120.0,155.5560979897981,129.6300816581651,0,93347000.0,9.334026866,18.10246495,0.7
coe_minus_200bps,Boa Hora 6,2021-07-08,2021,7,11.364558291200002,305.70818628147066,120.0,185.70818628147066,154.75682190122555,0,109820000.0,9.334026866,16.10246495,0.7
tech_premium_half,Boa Hora 6,2021-07-08,2021,7,10.896819145188001,297.17223731259037,120.0,177.17223731259037,147.64353109382532,0,109820000.0,8.40921343284,16.701232474,0.7
cod_minus_100bps,Boa Hora 6,2021-07-08,2021,7,11.2645582912,303.87530677697356,120.0,183.87530677697356,153.2294223141446,0,109820000.0,8.334026866,18.10246495,0.7
cod_minus_200bps,Boa Hora 6,2021-07-08,2021,7,10.564558291200001,291.16759993558793,120.0,171.16759993558793,142.63966661298994,0,109820000.0,7.334026866,18.10246495,0.7
debt_share_plus_10pp,Boa Hora 6,2021-07-08,2021,7,11.087714482800001,300.64447029865437,120.0,180.64447029865437,150.53705858221198,0,109820000.0,9.334026866,18.10246495,0.7999999999999999
combined_financing_relief,Boa Hora 6,2021-07-08,2021,7,9.8877144828,279.0953953863428,120.0,159.09539538634277,132.57949615528563,0,109820000.0,8.334026866,16.10246495,0.7999999999999999
opex_minus_10,Boa Hora 6,2021-07-08,2021,7,11.96455829,312.60433524857126,120.0,192.60433524857126,160.5036127071427,0,109820000.0,9.334026866,18.10246495,0.7
baseline,SANTA LUZIA VII,2021-07-08,2021,7,11.96455829,162.4738345152355,138.5,23.973834515235495,17.309627808834293,0,144693200.0,9.334026866,18.10246495,0.7
capex_minus_10,SANTA LUZIA VII,2021-07-08,2021,7,11.96455829,148.3744899109232,138.5,9.874489910923188,7.129595603554649,0,130223880.0,9.334026866,18.10246495,0.7
capex_minus_15,SANTA LUZIA VII,2021-07-08,2021,7,11.96455829,141.32481760876706,138.5,2.824817608767063,2.0395795009148467,0,122989220.0,9.334026866,18.10246495,0.7
coe_minus_200bps,SANTA LUZIA VII,2021-07-08,2021,7,11.364558291200002,156.78895869965416,138.5,18.28895869965416,13.20502433188026,0,144693200.0,9.334026866,16.10246495,0.7
tech_premium_half,SANTA LUZIA VII,2021-07-08,2021,7,10.896819145188001,152.41111535038328,138.5,13.911115350383284,10.044126606774933,0,144693200.0,8.40921343284,16.701232474,0.7
cod_minus_100bps,SANTA LUZIA VII,2021-07-08,2021,7,11.2645582912,155.84892738292126,138.5,17.34892738292126,12.526301359509937,0,144693200.0,8.334026866,18.10246495,0.7
cod_minus_200bps,SANTA LUZIA VII,2021-07-08,2021,7,10.564558291200001,149.33150909904523,138.5,10.831509099045235,7.820584187036271,0,144693200.0,7.334026866,18.10246495,0.7
debt_share_plus_10pp,SANTA LUZIA VII,2021-07-08,2021,7,11.087714482800001,154.19192403850596,138.5,15.69192403850596,11.329909053072896,0,144693200.0,9.334026866,18.10246495,0.7999999999999999
combined_financing_relief,SANTA LUZIA VII,2021-07-08,2021,7,9.8877144828,143.14002170971074,138.5,4.640021709710737,3.3501961802965616,0,144693200.0,8.334026866,16.10246495,0.7999999999999999
opex_minus_10,SANTA LUZIA VII,2021-07-08,2021,7,11.96455829,160.3257956680242,138.5,21.8257956680242,15.758697233230468,0,144693200.0,9.334026866,18.10246495,0.7
baseline,SANTA LUZIA IX,2021-07-08,2021,7,11.96455829,162.4738345152355,135.0,27.473834515235495,20.35098852980407,0,144693200.0,9.334026866,18.10246495,0.7
capex_minus_10,SANTA LUZIA IX,2021-07-08,2021,7,11.96455829,148.3744899109232,135.0,13.374489910923188,9.907029563646805,0,130223880.0,9.334026866,18.10246495,0.7
capex_minus_15,SANTA LUZIA IX,2021-07-08,2021,7,11.96455829,141.32481760876706,135.0,6.324817608767063,4.685050080568195,0,122989220.0,9.334026866,18.10246495,0.7
coe_minus_200bps,SANTA LUZIA IX,2021-07-08,2021,7,11.364558291200002,156.78895869965416,135.0,21.78895869965416,16.13996940715123,0,144693200.0,9.334026866,16.10246495,0.7
tech_premium_half,SANTA LUZIA IX,2021-07-08,2021,7,10.896819145188001,152.41111535038328,135.0,17.411115350383284,12.897122481765397,0,144693200.0,8.40921343284,16.701232474,0.7
cod_minus_100bps,SANTA LUZIA IX,2021-07-08,2021,7,11.2645582912,155.84892738292126,135.0,20.84892738292126,15.443649913275006,0,144693200.0,8.334026866,18.10246495,0.7
cod_minus_200bps,SANTA LUZIA IX,2021-07-08,2021,7,10.564558291200001,149.33150909904523,135.0,14.331509099045235,10.615932665959434,0,144693200.0,7.334026866,18.10246495,0.7
debt_share_plus_10pp,SANTA LUZIA IX,2021-07-08,2021,7,11.087714482800001,154.19192403850596,135.0,19.19192403850596,14.216240028522934,0,144693200.0,9.334026866,18.10246495,0.7999999999999999
combined_financing_relief,SANTA LUZIA IX,2021-07-08,2021,7,9.8877144828,143.14002170971074,135.0,8.140021709710737,6.029645710896842,0,144693200.0,8.334026866,16.10246495,0.7999999999999999
opex_minus_10,SANTA LUZIA IX,2021-07-08,2021,7,11.96455829,160.3257956680242,135.0,25.3257956680242,18.759848642980888,0,144693200.0,9.334026866,18.10246495,0.7
baseline,Bom Jardim I,2021-09-30,2021,9,13.15986776,248.46598743468516,168.0,80.46598743468516,47.8964210920745,0,209376430.0,10.30437365,19.82268735,0.7
capex_minus_10,Bom Jardim I,2021-09-30,2021,9,13.15986776,226.64336304780318,168.0,58.64336304780318,34.90676371893046,0,188438787.0,10.30437365,19.82268735,0.7
capex_minus_15,Bom Jardim I,2021-09-30,2021,9,13.15986776,215.7320508543622,168.0,47.7320508543622,28.411935032358453,0,177969965.5,10.30437365,19.82268735,0.7
coe_minus_200bps,Bom Jardim I,2021-09-30,2021,9,12.55986776,240.14838089068368,168.0,72.14838089068368,42.94546481588314,0,209376430.0,10.30437365,17.82268735,0.7
tech_premium_half,Bom Jardim I,2021-09-30,2021,9,12.149193878826,234.51085841599217,168.0,66.51085841599217,39.58979667618582,0,209376430.0,9.428986824179999,18.496343673000002,0.7
cod_minus_100bps,Bom Jardim I,2021-09-30,2021,9,12.459867760000002,238.77135998756805,168.0,70.77135998756805,42.125809516409554,0,209376430.0,9.30437365,19.82268735,0.7
cod_minus_200bps,Bom Jardim I,2021-09-30,2021,9,11.75986776,229.21040900432453,168.0,61.21040900432453,36.43476726447889,0,209376430.0,8.30437365,19.82268735,0.7
debt_share_plus_10pp,Bom Jardim I,2021-09-30,2021,9,12.208036390000002,235.31574358703813,168.0,67.31574358703813,40.0688949922846,0,209376430.0,10.30437365,19.82268735,0.7999999999999999
combined_financing_relief,Bom Jardim I,2021-09-30,2021,9,11.008036390000001,219.10342728849878,168.0,51.10342728849878,30.418706719344513,0,209376430.0,9.30437365,17.82268735,0.7999999999999999
opex_minus_10,Bom Jardim I,2021-09-30,2021,9,13.15986776,245.44201307809863,168.0,77.44201307809863,46.09643635601109,0,209376430.0,10.30437365,19.82268735,0.7
baseline,Bom Jardim III,2021-09-30,2021,9,13.15986776,248.46598743468516,168.0,80.46598743468516,47.8964210920745,0,209376430.0,10.30437365,19.82268735,0.7
capex_minus_10,Bom Jardim III,2021-09-30,2021,9,13.15986776,226.64336304780318,168.0,58.64336304780318,34.90676371893046,0,188438787.0,10.30437365,19.82268735,0.7
capex_minus_15,Bom Jardim III,2021-09-30,2021,9,13.15986776,215.7320508543622,168.0,47.7320508543622,28.411935032358453,0,177969965.5,10.30437365,19.82268735,0.7
coe_minus_200bps,Bom Jardim III,2021-09-30,2021,9,12.55986776,240.14838089068368,168.0,72.14838089068368,42.94546481588314,0,209376430.0,10.30437365,17.82268735,0.7
tech_premium_half,Bom Jardim III,2021-09-30,2021,9,12.149193878826,234.51085841599217,168.0,66.51085841599217,39.58979667618582,0,209376430.0,9.428986824179999,18.496343673000002,0.7
cod_minus_100bps,Bom Jardim III,2021-09-30,2021,9,12.459867760000002,238.77135998756805,168.0,70.77135998756805,42.125809516409554,0,209376430.0,9.30437365,19.82268735,0.7
cod_minus_200bps,Bom Jardim III,2021-09-30,2021,9,11.75986776,229.21040900432453,168.0,61.21040900432453,36.43476726447889,0,209376430.0,8.30437365,19.82268735,0.7
debt_share_plus_10pp,Bom Jardim III,2021-09-30,2021,9,12.208036390000002,235.31574358703813,168.0,67.31574358703813,40.0688949922846,0,209376430.0,10.30437365,19.82268735,0.7999999999999999
combined_financing_relief,Bom Jardim III,2021-09-30,2021,9,11.008036390000001,219.10342728849878,168.0,51.10342728849878,30.418706719344513,0,209376430.0,9.30437365,17.82268735,0.7999999999999999
opex_minus_10,Bom Jardim III,2021-09-30,2021,9,13.15986776,245.44201307809863,168.0,77.44201307809863,46.09643635601109,0,209376430.0,10.30437365,19.82268735,0.7
baseline,Raios de São Francisco V,2021-09-30,2021,9,13.15986776,207.3960529245432,166.61,40.786052924543185,24.479954939405307,0,100694010.0,10.30437365,19.82268735,0.7
capex_minus_10,Raios de São Francisco V,2021-09-30,2021,9,13.15986776,189.18057719385902,166.61,22.57057719385901,13.546952280090634,0,90624609.0,10.30437365,19.82268735,0.7
capex_minus_15,Raios de São Francisco V,2021-09-30,2021,9,13.15986776,180.07283932851695,166.61,13.462839328516935,8.080450950433308,0,85589908.5,10.30437365,19.82268735,0.7
coe_minus_200bps,Raios de São Francisco V,2021-09-30,2021,9,12.55986776,200.45329675252188,166.61,33.843296752521866,20.31288443222007,0,100694010.0,10.30437365,17.82268735,0.7
tech_premium_half,Raios de São Francisco V,2021-09-30,2021,9,12.149193878826,195.74762286074088,166.61,29.137622860740862,17.488519813180996,0,100694010.0,9.428986824179999,18.496343673000002,0.7
cod_minus_100bps,Raios de São Francisco V,2021-09-30,2021,9,12.459867760000002,199.30388912863904,166.61,32.69388912863903,19.62300529898507,0,100694010.0,9.30437365,19.82268735,0.7
cod_minus_200bps,Raios de São Francisco V,2021-09-30,2021,9,11.75986776,191.3233058805005,166.61,24.713305880500485,14.833026757397805,0,100694010.0,8.30437365,19.82268735,0.7
debt_share_plus_10pp,Raios de São Francisco V,2021-09-30,2021,9,12.208036390000002,196.41946535046594,166.61,29.809465350465928,17.891762409498785,0,100694010.0,10.30437365,19.82268735,0.7999999999999999
combined_financing_relief,Raios de São Francisco V,2021-09-30,2021,9,11.008036390000001,182.88694749812007,166.61,16.27694749812005,9.769490125514706,0,100694010.0,9.30437365,17.82268735,0.7999999999999999
opex_minus_10,Raios de São Francisco V,2021-09-30,2021,9,13.15986776,204.87192336277306,166.61,38.26192336277305,22.964962104779453,0,100694010.0,10.30437365,19.82268735,0.7
baseline,Raios de São Francisco VI,2021-09-30,2021,9,13.15986776,207.3960529245432,166.32,41.076052924543205,24.697001517883123,0,100694010.0,10.30437365,19.82268735,0.7
capex_minus_10,Raios de São Francisco VI,2021-09-30,2021,9,13.15986776,189.18057719385902,166.32,22.86057719385903,13.744935782743525,0,90624609.0,10.30437365,19.82268735,0.7
capex_minus_15,Raios de São Francisco VI,2021-09-30,2021,9,13.15986776,180.07283932851695,166.32,13.752839328516956,8.268902915173735,0,85589908.5,10.30437365,19.82268735,0.7
coe_minus_200bps,Raios de São Francisco VI,2021-09-30,2021,9,12.55986776,200.45329675252188,166.32,34.133296752521886,20.52266519511898,0,100694010.0,10.30437365,17.82268735,0.7
tech_premium_half,Raios de São Francisco VI,2021-09-30,2021,9,12.149193878826,195.74762286074088,166.32,29.427622860740883,17.693375938396393,0,100694010.0,9.428986824179999,18.496343673000002,0.7
cod_minus_100bps,Raios de São Francisco VI,2021-09-30,2021,9,12.459867760000002,199.30388912863904,166.32,32.98388912863905,19.8315831701774,0,100694010.0,9.30437365,19.82268735,0.7
cod_minus_200bps,Raios de São Francisco VI,2021-09-30,2021,9,11.75986776,191.3233058805005,166.32,25.003305880500506,15.033252693903624,0,100694010.0,8.30437365,19.82268735,0.7
debt_share_plus_10pp,Raios de São Francisco VI,2021-09-30,2021,9,12.208036390000002,196.41946535046594,166.32,30.099465350465948,18.09732163928929,0,100694010.0,10.30437365,19.82268735,0.7999999999999999
combined_financing_relief,Raios de São Francisco VI,2021-09-30,2021,9,11.008036390000001,182.88694749812007,166.32,16.566947498120072,9.960887144131839,0,100694010.0,9.30437365,17.82268735,0.7999999999999999
opex_minus_10,Raios de São Francisco VI,2021-09-30,2021,9,13.15986776,204.87192336277306,166.32,38.55192336277307,23.17936710123441,0,100694010.0,10.30437365,19.82268735,0.7
baseline,Lins 01,2021-09-30,2021,9,13.15986776,265.62616739220516,166.31,99.31616739220516,59.7174958764988,0,16306000.0,10.30437365,19.82268735,0.7
capex_minus_10,Lins 01,2021-09-30,2021,9,13.15986776,242.2963742965279,166.31,75.98637429652788,45.68960032260711,0,14675400.0,10.30437365,19.82268735,0.7
capex_minus_15,Lins 01,2021-09-30,2021,9,13.15986776,230.63147774868926,166.31,64.32147774868926,38.67565254566127,0,13860100.0,10.30437365,19.82268735,0.7
coe_minus_200bps,Lins 01,2021-09-30,2021,9,12.55986776,256.73410948562673,166.31,90.42410948562673,54.3708192445594,0,16306000.0,10.30437365,17.82268735,0.7
tech_premium_half,Lins 01,2021-09-30,2021,9,12.149193878826,250.70723432275534,166.31,84.39723432275534,50.746939043205664,0,16306000.0,9.428986824179999,18.496343673000002,0.7
cod_minus_100bps,Lins 01,2021-09-30,2021,9,12.459867760000002,255.26198531813998,166.31,88.95198531813998,53.48565048291742,0,16306000.0,9.30437365,19.82268735,0.7
cod_minus_200bps,Lins 01,2021-09-30,2021,9,11.75986776,245.04071200650003,166.31,78.73071200650003,47.33973423516326,0,16306000.0,8.30437365,19.82268735,0.7
debt_share_plus_10pp,Lins 01,2021-09-30,2021,9,12.208036390000002,251.56770848815634,166.31,85.25770848815634,51.26433076072174,0,16306000.0,10.30437365,19.82268735,0.7999999999999999
combined_financing_relief,Lins 01,2021-09-30,2021,9,11.008036390000001,234.23569662108338,166.31,67.92569662108338,40.842821610897346,0,16306000.0,9.30437365,17.82268735,0.7999999999999999
opex_minus_10,Lins 01,2021-09-30,2021,9,13.15986776,262.39334374866195,166.31,96.08334374866195,57.77364184274063,0,16306000.0,10.30437365,19.82268735,0.7
baseline,Lins 02,2021-09-30,2021,9,13.15986776,288.02503775675086,166.31,121.71503775675086,73.18563992348678,0,17681000.0,10.30437365,19.82268735,0.7
capex_minus_10,Lins 02,2021-09-30,2021,9,13.15986776,262.72796479436465,166.31,96.41796479436465,57.97484504501512,0,15912900.0,10.30437365,19.82268735,0.7
capex_minus_15,Lins 02,2021-09-30,2021,9,13.15986776,250.07942831317152,166.31,83.76942831317152,50.36944760577927,0,15028850.0,10.30437365,19.82268735,0.7
coe_minus_200bps,Lins 02,2021-09-30,2021,9,12.55986776,278.383158948569,166.31,112.07315894856902,67.38810591580122,0,17681000.0,10.30437365,17.82268735,0.7
tech_premium_half,Lins 02,2021-09-30,2021,9,12.149193878826,271.8480688127461,166.31,105.53806881274608,63.4586427832037,0,17681000.0,9.428986824179999,18.496343673000002,0.7
cod_minus_100bps,Lins 02,2021-09-30,2021,9,12.459867760000002,276.78689822212885,166.31,110.47689822212885,66.42829548561653,0,17681000.0,9.30437365,19.82268735,0.7
cod_minus_200bps,Lins 02,2021-09-30,2021,9,11.75986776,265.7037182010871,166.31,99.3937182010871,59.76412615061457,0,17681000.0,8.30437365,19.82268735,0.7
debt_share_plus_10pp,Lins 02,2021-09-30,2021,9,12.208036390000002,272.7811022800866,166.31,106.4711022800866,64.01966344783031,0,17681000.0,10.30437365,19.82268735,0.7999999999999999
combined_financing_relief,Lins 02,2021-09-30,2021,9,11.008036390000001,253.98757217940485,166.31,87.67757217940485,52.719362743914886,0,17681000.0,9.30437365,17.82268735,0.7999999999999999
opex_minus_10,Lins 02,2021-09-30,2021,9,13.15986776,284.519606943462,166.31,118.209606943462,71.07787080960976,0,17681000.0,10.30437365,19.82268735,0.7
baseline,Lins 03,2021-09-30,2021,9,13.15986776,288.02503775675086,166.31,121.71503775675086,73.18563992348678,0,17681000.0,10.30437365,19.82268735,0.7
capex_minus_10,Lins 03,2021-09-30,2021,9,13.15986776,262.72796479436465,166.31,96.41796479436465,57.97484504501512,0,15912900.0,10.30437365,19.82268735,0.7
capex_minus_15,Lins 03,2021-09-30,2021,9,13.15986776,250.07942831317152,166.31,83.76942831317152,50.36944760577927,0,15028850.0,10.30437365,19.82268735,0.7
coe_minus_200bps,Lins 03,2021-09-30,2021,9,12.55986776,278.383158948569,166.31,112.07315894856902,67.38810591580122,0,17681000.0,10.30437365,17.82268735,0.7
tech_premium_half,Lins 03,2021-09-30,2021,9,12.149193878826,271.8480688127461,166.31,105.53806881274608,63.4586427832037,0,17681000.0,9.428986824179999,18.496343673000002,0.7
cod_minus_100bps,Lins 03,2021-09-30,2021,9,12.459867760000002,276.78689822212885,166.31,110.47689822212885,66.42829548561653,0,17681000.0,9.30437365,19.82268735,0.7
cod_minus_200bps,Lins 03,2021-09-30,2021,9,11.75986776,265.7037182010871,166.31,99.3937182010871,59.76412615061457,0,17681000.0,8.30437365,19.82268735,0.7
debt_share_plus_10pp,Lins 03,2021-09-30,2021,9,12.208036390000002,272.7811022800866,166.31,106.4711022800866,64.01966344783031,0,17681000.0,10.30437365,19.82268735,0.7999999999999999
combined_financing_relief,Lins 03,2021-09-30,2021,9,11.008036390000001,253.98757217940485,166.31,87.67757217940485,52.719362743914886,0,17681000.0,9.30437365,17.82268735,0.7999999999999999
opex_minus_10,Lins 03,2021-09-30,2021,9,13.15986776,284.519606943462,166.31,118.209606943462,71.07787080960976,0,17681000.0,10.30437365,19.82268735,0.7
baseline,Lins 04,2021-09-30,2021,9,13.15986776,288.02503775675086,166.31,121.71503775675086,73.18563992348678,0,17681000.0,10.30437365,19.82268735,0.7
capex_minus_10,Lins 04,2021-09-30,2021,9,13.15986776,262.72796479436465,166.31,96.41796479436465,57.97484504501512,0,15912900.0,10.30437365,19.82268735,0.7
capex_minus_15,Lins 04,2021-09-30,2021,9,13.15986776,250.07942831317152,166.31,83.76942831317152,50.36944760577927,0,15028850.0,10.30437365,19.82268735,0.7
coe_minus_200bps,Lins 04,2021-09-30,2021,9,12.55986776,278.383158948569,166.31,112.07315894856902,67.38810591580122,0,17681000.0,10.30437365,17.82268735,0.7
tech_premium_half,Lins 04,2021-09-30,2021,9,12.149193878826,271.8480688127461,166.31,105.53806881274608,63.4586427832037,0,17681000.0,9.428986824179999,18.496343673000002,0.7
cod_minus_100bps,Lins 04,2021-09-30,2021,9,12.459867760000002,276.78689822212885,166.31,110.47689822212885,66.42829548561653,0,17681000.0,9.30437365,19.82268735,0.7
cod_minus_200bps,Lins 04,2021-09-30,2021,9,11.75986776,265.7037182010871,166.31,99.3937182010871,59.76412615061457,0,17681000.0,8.30437365,19.82268735,0.7
debt_share_plus_10pp,Lins 04,2021-09-30,2021,9,12.208036390000002,272.7811022800866,166.31,106.4711022800866,64.01966344783031,0,17681000.0,10.30437365,19.82268735,0.7999999999999999
combined_financing_relief,Lins 04,2021-09-30,2021,9,11.008036390000001,253.98757217940485,166.31,87.67757217940485,52.719362743914886,0,17681000.0,9.30437365,17.82268735,0.7999999999999999
opex_minus_10,Lins 04,2021-09-30,2021,9,13.15986776,284.519606943462,166.31,118.209606943462,71.07787080960976,0,17681000.0,10.30437365,19.82268735,0.7
baseline,Lins 05,2021-09-30,2021,9,13.15986776,288.02503775675086,166.31,121.71503775675086,73.18563992348678,0,17681000.0,10.30437365,19.82268735,0.7
capex_minus_10,Lins 05,2021-09-30,2021,9,13.15986776,262.72796479436465,166.31,96.41796479436465,57.97484504501512,0,15912900.0,10.30437365,19.82268735,0.7
capex_minus_15,Lins 05,2021-09-30,2021,9,13.15986776,250.07942831317152,166.31,83.76942831317152,50.36944760577927,0,15028850.0,10.30437365,19.82268735,0.7
coe_minus_200bps,Lins 05,2021-09-30,2021,9,12.55986776,278.383158948569,166.31,112.07315894856902,67.38810591580122,0,17681000.0,10.30437365,17.82268735,0.7
tech_premium_half,Lins 05,2021-09-30,2021,9,12.149193878826,271.8480688127461,166.31,105.53806881274608,63.4586427832037,0,17681000.0,9.428986824179999,18.496343673000002,0.7
cod_minus_100bps,Lins 05,2021-09-30,2021,9,12.459867760000002,276.78689822212885,166.31,110.47689822212885,66.42829548561653,0,17681000.0,9.30437365,19.82268735,0.7
cod_minus_200bps,Lins 05,2021-09-30,2021,9,11.75986776,265.7037182010871,166.31,99.3937182010871,59.76412615061457,0,17681000.0,8.30437365,19.82268735,0.7
debt_share_plus_10pp,Lins 05,2021-09-30,2021,9,12.208036390000002,272.7811022800866,166.31,106.4711022800866,64.01966344783031,0,17681000.0,10.30437365,19.82268735,0.7999999999999999
combined_financing_relief,Lins 05,2021-09-30,2021,9,11.008036390000001,253.98757217940485,166.31,87.67757217940485,52.719362743914886,0,17681000.0,9.30437365,17.82268735,0.7999999999999999
opex_minus_10,Lins 05,2021-09-30,2021,9,13.15986776,284.519606943462,166.31,118.209606943462,71.07787080960976,0,17681000.0,10.30437365,19.82268735,0.7
baseline,Lins 06,2021-09-30,2021,9,13.15986776,288.02503775675086,166.31,121.71503775675086,73.18563992348678,0,17681000.0,10.30437365,19.82268735,0.7
capex_minus_10,Lins 06,2021-09-30,2021,9,13.15986776,262.72796479436465,166.31,96.41796479436465,57.97484504501512,0,15912900.0,10.30437365,19.82268735,0.7
capex_minus_15,Lins 06,2021-09-30,2021,9,13.15986776,250.07942831317152,166.31,83.76942831317152,50.36944760577927,0,15028850.0,10.30437365,19.82268735,0.7
coe_minus_200bps,Lins 06,2021-09-30,2021,9,12.55986776,278.383158948569,166.31,112.07315894856902,67.38810591580122,0,17681000.0,10.30437365,17.82268735,0.7
tech_premium_half,Lins 06,2021-09-30,2021,9,12.149193878826,271.8480688127461,166.31,105.53806881274608,63.4586427832037,0,17681000.0,9.428986824179999,18.496343673000002,0.7
cod_minus_100bps,Lins 06,2021-09-30,2021,9,12.459867760000002,276.78689822212885,166.31,110.47689822212885,66.42829548561653,0,17681000.0,9.30437365,19.82268735,0.7
cod_minus_200bps,Lins 06,2021-09-30,2021,9,11.75986776,265.7037182010871,166.31,99.3937182010871,59.76412615061457,0,17681000.0,8.30437365,19.82268735,0.7
debt_share_plus_10pp,Lins 06,2021-09-30,2021,9,12.208036390000002,272.7811022800866,166.31,106.4711022800866,64.01966344783031,0,17681000.0,10.30437365,19.82268735,0.7999999999999999
combined_financing_relief,Lins 06,2021-09-30,2021,9,11.008036390000001,253.98757217940485,166.31,87.67757217940485,52.719362743914886,0,17681000.0,9.30437365,17.82268735,0.7999999999999999
opex_minus_10,Lins 06,2021-09-30,2021,9,13.15986776,284.519606943462,166.31,118.209606943462,71.07787080960976,0,17681000.0,10.30437365,19.82268735,0.7
baseline,Lins 07,2021-09-30,2021,9,13.15986776,288.02503775675086,166.31,121.71503775675086,73.18563992348678,0,17681000.0,10.30437365,19.82268735,0.7
capex_minus_10,Lins 07,2021-09-30,2021,9,13.15986776,262.72796479436465,166.31,96.41796479436465,57.97484504501512,0,15912900.0,10.30437365,19.82268735,0.7
capex_minus_15,Lins 07,2021-09-30,2021,9,13.15986776,250.07942831317152,166.31,83.76942831317152,50.36944760577927,0,15028850.0,10.30437365,19.82268735,0.7
coe_minus_200bps,Lins 07,2021-09-30,2021,9,12.55986776,278.383158948569,166.31,112.07315894856902,67.38810591580122,0,17681000.0,10.30437365,17.82268735,0.7
tech_premium_half,Lins 07,2021-09-30,2021,9,12.149193878826,271.8480688127461,166.31,105.53806881274608,63.4586427832037,0,17681000.0,9.428986824179999,18.496343673000002,0.7
cod_minus_100bps,Lins 07,2021-09-30,2021,9,12.459867760000002,276.78689822212885,166.31,110.47689822212885,66.42829548561653,0,17681000.0,9.30437365,19.82268735,0.7
cod_minus_200bps,Lins 07,2021-09-30,2021,9,11.75986776,265.7037182010871,166.31,99.3937182010871,59.76412615061457,0,17681000.0,8.30437365,19.82268735,0.7
debt_share_plus_10pp,Lins 07,2021-09-30,2021,9,12.208036390000002,272.7811022800866,166.31,106.4711022800866,64.01966344783031,0,17681000.0,10.30437365,19.82268735,0.7999999999999999
combined_financing_relief,Lins 07,2021-09-30,2021,9,11.008036390000001,253.98757217940485,166.31,87.67757217940485,52.719362743914886,0,17681000.0,9.30437365,17.82268735,0.7999999999999999
opex_minus_10,Lins 07,2021-09-30,2021,9,13.15986776,284.519606943462,166.31,118.209606943462,71.07787080960976,0,17681000.0,10.30437365,19.82268735,0.7
baseline,Lins 08,2021-09-30,2021,9,13.15986776,288.02503775675086,166.31,121.71503775675086,73.18563992348678,0,17681000.0,10.30437365,19.82268735,0.7
capex_minus_10,Lins 08,2021-09-30,2021,9,13.15986776,262.72796479436465,166.31,96.41796479436465,57.97484504501512,0,15912900.0,10.30437365,19.82268735,0.7
capex_minus_15,Lins 08,2021-09-30,2021,9,13.15986776,250.07942831317152,166.31,83.76942831317152,50.36944760577927,0,15028850.0,10.30437365,19.82268735,0.7
coe_minus_200bps,Lins 08,2021-09-30,2021,9,12.55986776,278.383158948569,166.31,112.07315894856902,67.38810591580122,0,17681000.0,10.30437365,17.82268735,0.7
tech_premium_half,Lins 08,2021-09-30,2021,9,12.149193878826,271.8480688127461,166.31,105.53806881274608,63.4586427832037,0,17681000.0,9.428986824179999,18.496343673000002,0.7
cod_minus_100bps,Lins 08,2021-09-30,2021,9,12.459867760000002,276.78689822212885,166.31,110.47689822212885,66.42829548561653,0,17681000.0,9.30437365,19.82268735,0.7
cod_minus_200bps,Lins 08,2021-09-30,2021,9,11.75986776,265.7037182010871,166.31,99.3937182010871,59.76412615061457,0,17681000.0,8.30437365,19.82268735,0.7
debt_share_plus_10pp,Lins 08,2021-09-30,2021,9,12.208036390000002,272.7811022800866,166.31,106.4711022800866,64.01966344783031,0,17681000.0,10.30437365,19.82268735,0.7999999999999999
combined_financing_relief,Lins 08,2021-09-30,2021,9,11.008036390000001,253.98757217940485,166.31,87.67757217940485,52.719362743914886,0,17681000.0,9.30437365,17.82268735,0.7999999999999999
opex_minus_10,Lins 08,2021-09-30,2021,9,13.15986776,284.519606943462,166.31,118.209606943462,71.07787080960976,0,17681000.0,10.30437365,19.82268735,0.7
baseline,Panorama 01,2021-09-30,2021,9,13.15986776,288.02503775675086,166.32,121.70503775675087,73.17522712647359,0,17681000.0,10.30437365,19.82268735,0.7
capex_minus_10,Panorama 01,2021-09-30,2021,9,13.15986776,262.72796479436465,166.32,96.40796479436466,57.96534679795855,0,15912900.0,10.30437365,19.82268735,0.7
capex_minus_15,Panorama 01,2021-09-30,2021,9,13.15986776,250.07942831317152,166.32,83.75942831317153,50.36040663370102,0,15028850.0,10.30437365,19.82268735,0.7
coe_minus_200bps,Panorama 01,2021-09-30,2021,9,12.55986776,278.383158948569,166.32,112.06315894856903,67.37804169586883,0,17681000.0,10.30437365,17.82268735,0.7
tech_premium_half,Panorama 01,2021-09-30,2021,9,12.149193878826,271.8480688127461,166.32,105.52806881274608,63.448814822478404,0,17681000.0,9.428986824179999,18.496343673000002,0.7
cod_minus_100bps,Panorama 01,2021-09-30,2021,9,12.459867760000002,276.78689822212885,166.32,110.46689822212886,66.41828897434395,0,17681000.0,9.30437365,19.82268735,0.7
cod_minus_200bps,Panorama 01,2021-09-30,2021,9,11.75986776,265.7037182010871,166.32,99.3837182010871,59.754520322923945,0,17681000.0,8.30437365,19.82268735,0.7
debt_share_plus_10pp,Panorama 01,2021-09-30,2021,9,12.208036390000002,272.7811022800866,166.32,106.4611022800866,64.00980175570383,0,17681000.0,10.30437365,19.82268735,0.7999999999999999
combined_financing_relief,Panorama 01,2021-09-30,2021,9,11.008036390000001,253.98757217940485,166.32,87.66757217940486,52.71018048304765,0,17681000.0,9.30437365,17.82268735,0.7999999999999999
opex_minus_10,Panorama 01,2021-09-30,2021,9,13.15986776,284.519606943462,166.32,118.19960694346202,71.06758474234128,0,17681000.0,10.30437365,19.82268735,0.7
baseline,Panorama 02,2021-09-30,2021,9,13.15986776,288.02503775675086,166.31,121.71503775675086,73.18563992348678,0,17681000.0,10.30437365,19.82268735,0.7
capex_minus_10,Panorama 02,2021-09-30,2021,9,13.15986776,262.72796479436465,166.31,96.41796479436465,57.97484504501512,0,15912900.0,10.30437365,19.82268735,0.7
capex_minus_15,Panorama 02,2021-09-30,2021,9,13.15986776,250.07942831317152,166.31,83.76942831317152,50.36944760577927,0,15028850.0,10.30437365,19.82268735,0.7
coe_minus_200bps,Panorama 02,2021-09-30,2021,9,12.55986776,278.383158948569,166.31,112.07315894856902,67.38810591580122,0,17681000.0,10.30437365,17.82268735,0.7
tech_premium_half,Panorama 02,2021-09-30,2021,9,12.149193878826,271.8480688127461,166.31,105.53806881274608,63.4586427832037,0,17681000.0,9.428986824179999,18.496343673000002,0.7
cod_minus_100bps,Panorama 02,2021-09-30,2021,9,12.459867760000002,276.78689822212885,166.31,110.47689822212885,66.42829548561653,0,17681000.0,9.30437365,19.82268735,0.7
cod_minus_200bps,Panorama 02,2021-09-30,2021,9,11.75986776,265.7037182010871,166.31,99.3937182010871,59.76412615061457,0,17681000.0,8.30437365,19.82268735,0.7
debt_share_plus_10pp,Panorama 02,2021-09-30,2021,9,12.208036390000002,272.7811022800866,166.31,106.4711022800866,64.01966344783031,0,17681000.0,10.30437365,19.82268735,0.7999999999999999
combined_financing_relief,Panorama 02,2021-09-30,2021,9,11.008036390000001,253.98757217940485,166.31,87.67757217940485,52.719362743914886,0,17681000.0,9.30437365,17.82268735,0.7999999999999999
opex_minus_10,Panorama 02,2021-09-30,2021,9,13.15986776,284.519606943462,166.31,118.209606943462,71.07787080960976,0,17681000.0,10.30437365,19.82268735,0.7
baseline,Panorama 03,2021-09-30,2021,9,13.15986776,288.02503775675086,166.31,121.71503775675086,73.18563992348678,0,17681000.0,10.30437365,19.82268735,0.7
capex_minus_10,Panorama 03,2021-09-30,2021,9,13.15986776,262.72796479436465,166.31,96.41796479436465,57.97484504501512,0,15912900.0,10.30437365,19.82268735,0.7
capex_minus_15,Panorama 03,2021-09-30,2021,9,13.15986776,250.07942831317152,166.31,83.76942831317152,50.36944760577927,0,15028850.0,10.30437365,19.82268735,0.7
coe_minus_200bps,Panorama 03,2021-09-30,2021,9,12.55986776,278.383158948569,166.31,112.07315894856902,67.38810591580122,0,17681000.0,10.30437365,17.82268735,0.7
tech_premium_half,Panorama 03,2021-09-30,2021,9,12.149193878826,271.8480688127461,166.31,105.53806881274608,63.4586427832037,0,17681000.0,9.428986824179999,18.496343673000002,0.7
cod_minus_100bps,Panorama 03,2021-09-30,2021,9,12.459867760000002,276.78689822212885,166.31,110.47689822212885,66.42829548561653,0,17681000.0,9.30437365,19.82268735,0.7
cod_minus_200bps,Panorama 03,2021-09-30,2021,9,11.75986776,265.7037182010871,166.31,99.3937182010871,59.76412615061457,0,17681000.0,8.30437365,19.82268735,0.7
debt_share_plus_10pp,Panorama 03,2021-09-30,2021,9,12.208036390000002,272.7811022800866,166.31,106.4711022800866,64.01966344783031,0,17681000.0,10.30437365,19.82268735,0.7999999999999999
combined_financing_relief,Panorama 03,2021-09-30,2021,9,11.008036390000001,253.98757217940485,166.31,87.67757217940485,52.719362743914886,0,17681000.0,9.30437365,17.82268735,0.7999999999999999
opex_minus_10,Panorama 03,2021-09-30,2021,9,13.15986776,284.519606943462,166.31,118.209606943462,71.07787080960976,0,17681000.0,10.30437365,19.82268735,0.7
baseline,Panorama 04,2021-09-30,2021,9,13.15986776,288.02503775675086,166.31,121.71503775675086,73.18563992348678,0,17681000.0,10.30437365,19.82268735,0.7
capex_minus_10,Panorama 04,2021-09-30,2021,9,13.15986776,262.72796479436465,166.31,96.41796479436465,57.97484504501512,0,15912900.0,10.30437365,19.82268735,0.7
capex_minus_15,Panorama 04,2021-09-30,2021,9,13.15986776,250.07942831317152,166.31,83.76942831317152,50.36944760577927,0,15028850.0,10.30437365,19.82268735,0.7
coe_minus_200bps,Panorama 04,2021-09-30,2021,9,12.55986776,278.383158948569,166.31,112.07315894856902,67.38810591580122,0,17681000.0,10.30437365,17.82268735,0.7
tech_premium_half,Panorama 04,2021-09-30,2021,9,12.149193878826,271.8480688127461,166.31,105.53806881274608,63.4586427832037,0,17681000.0,9.428986824179999,18.496343673000002,0.7
cod_minus_100bps,Panorama 04,2021-09-30,2021,9,12.459867760000002,276.78689822212885,166.31,110.47689822212885,66.42829548561653,0,17681000.0,9.30437365,19.82268735,0.7
cod_minus_200bps,Panorama 04,2021-09-30,2021,9,11.75986776,265.7037182010871,166.31,99.3937182010871,59.76412615061457,0,17681000.0,8.30437365,19.82268735,0.7
debt_share_plus_10pp,Panorama 04,2021-09-30,2021,9,12.208036390000002,272.7811022800866,166.31,106.4711022800866,64.01966344783031,0,17681000.0,10.30437365,19.82268735,0.7999999999999999
combined_financing_relief,Panorama 04,2021-09-30,2021,9,11.008036390000001,253.98757217940485,166.31,87.67757217940485,52.719362743914886,0,17681000.0,9.30437365,17.82268735,0.7999999999999999
opex_minus_10,Panorama 04,2021-09-30,2021,9,13.15986776,284.519606943462,166.31,118.209606943462,71.07787080960976,0,17681000.0,10.30437365,19.82268735,0.7
baseline,Panorama 05,2021-09-30,2021,9,13.15986776,288.02503775675086,166.31,121.71503775675086,73.18563992348678,0,17681000.0,10.30437365,19.82268735,0.7
capex_minus_10,Panorama 05,2021-09-30,2021,9,13.15986776,262.72796479436465,166.31,96.41796479436465,57.97484504501512,0,15912900.0,10.30437365,19.82268735,0.7
capex_minus_15,Panorama 05,2021-09-30,2021,9,13.15986776,250.07942831317152,166.31,83.76942831317152,50.36944760577927,0,15028850.0,10.30437365,19.82268735,0.7
coe_minus_200bps,Panorama 05,2021-09-30,2021,9,12.55986776,278.383158948569,166.31,112.07315894856902,67.38810591580122,0,17681000.0,10.30437365,17.82268735,0.7
tech_premium_half,Panorama 05,2021-09-30,2021,9,12.149193878826,271.8480688127461,166.31,105.53806881274608,63.4586427832037,0,17681000.0,9.428986824179999,18.496343673000002,0.7
cod_minus_100bps,Panorama 05,2021-09-30,2021,9,12.459867760000002,276.78689822212885,166.31,110.47689822212885,66.42829548561653,0,17681000.0,9.30437365,19.82268735,0.7
cod_minus_200bps,Panorama 05,2021-09-30,2021,9,11.75986776,265.7037182010871,166.31,99.3937182010871,59.76412615061457,0,17681000.0,8.30437365,19.82268735,0.7
debt_share_plus_10pp,Panorama 05,2021-09-30,2021,9,12.208036390000002,272.7811022800866,166.31,106.4711022800866,64.01966344783031,0,17681000.0,10.30437365,19.82268735,0.7999999999999999
combined_financing_relief,Panorama 05,2021-09-30,2021,9,11.008036390000001,253.98757217940485,166.31,87.67757217940485,52.719362743914886,0,17681000.0,9.30437365,17.82268735,0.7999999999999999
opex_minus_10,Panorama 05,2021-09-30,2021,9,13.15986776,284.519606943462,166.31,118.209606943462,71.07787080960976,0,17681000.0,10.30437365,19.82268735,0.7
baseline,Panorama 06,2021-09-30,2021,9,13.15986776,288.02503775675086,166.31,121.71503775675086,73.18563992348678,0,17681000.0,10.30437365,19.82268735,0.7
capex_minus_10,Panorama 06,2021-09-30,2021,9,13.15986776,262.72796479436465,166.31,96.41796479436465,57.97484504501512,0,15912900.0,10.30437365,19.82268735,0.7
capex_minus_15,Panorama 06,2021-09-30,2021,9,13.15986776,250.07942831317152,166.31,83.76942831317152,50.36944760577927,0,15028850.0,10.30437365,19.82268735,0.7
coe_minus_200bps,Panorama 06,2021-09-30,2021,9,12.55986776,278.383158948569,166.31,112.07315894856902,67.38810591580122,0,17681000.0,10.30437365,17.82268735,0.7
tech_premium_half,Panorama 06,2021-09-30,2021,9,12.149193878826,271.8480688127461,166.31,105.53806881274608,63.4586427832037,0,17681000.0,9.428986824179999,18.496343673000002,0.7
cod_minus_100bps,Panorama 06,2021-09-30,2021,9,12.459867760000002,276.78689822212885,166.31,110.47689822212885,66.42829548561653,0,17681000.0,9.30437365,19.82268735,0.7
cod_minus_200bps,Panorama 06,2021-09-30,2021,9,11.75986776,265.7037182010871,166.31,99.3937182010871,59.76412615061457,0,17681000.0,8.30437365,19.82268735,0.7
debt_share_plus_10pp,Panorama 06,2021-09-30,2021,9,12.208036390000002,272.7811022800866,166.31,106.4711022800866,64.01966344783031,0,17681000.0,10.30437365,19.82268735,0.7999999999999999
combined_financing_relief,Panorama 06,2021-09-30,2021,9,11.008036390000001,253.98757217940485,166.31,87.67757217940485,52.719362743914886,0,17681000.0,9.30437365,17.82268735,0.7999999999999999
opex_minus_10,Panorama 06,2021-09-30,2021,9,13.15986776,284.519606943462,166.31,118.209606943462,71.07787080960976,0,17681000.0,10.30437365,19.82268735,0.7
baseline,Panorama 07,2021-09-30,2021,9,13.15986776,288.02503775675086,166.31,121.71503775675086,73.18563992348678,0,17681000.0,10.30437365,19.82268735,0.7
capex_minus_10,Panorama 07,2021-09-30,2021,9,13.15986776,262.72796479436465,166.31,96.41796479436465,57.97484504501512,0,15912900.0,10.30437365,19.82268735,0.7
capex_minus_15,Panorama 07,2021-09-30,2021,9,13.15986776,250.07942831317152,166.31,83.76942831317152,50.36944760577927,0,15028850.0,10.30437365,19.82268735,0.7
coe_minus_200bps,Panorama 07,2021-09-30,2021,9,12.55986776,278.383158948569,166.31,112.07315894856902,67.38810591580122,0,17681000.0,10.30437365,17.82268735,0.7
tech_premium_half,Panorama 07,2021-09-30,2021,9,12.149193878826,271.8480688127461,166.31,105.53806881274608,63.4586427832037,0,17681000.0,9.428986824179999,18.496343673000002,0.7
cod_minus_100bps,Panorama 07,2021-09-30,2021,9,12.459867760000002,276.78689822212885,166.31,110.47689822212885,66.42829548561653,0,17681000.0,9.30437365,19.82268735,0.7
cod_minus_200bps,Panorama 07,2021-09-30,2021,9,11.75986776,265.7037182010871,166.31,99.3937182010871,59.76412615061457,0,17681000.0,8.30437365,19.82268735,0.7
debt_share_plus_10pp,Panorama 07,2021-09-30,2021,9,12.208036390000002,272.7811022800866,166.31,106.4711022800866,64.01966344783031,0,17681000.0,10.30437365,19.82268735,0.7999999999999999
combined_financing_relief,Panorama 07,2021-09-30,2021,9,11.008036390000001,253.98757217940485,166.31,87.67757217940485,52.719362743914886,0,17681000.0,9.30437365,17.82268735,0.7999999999999999
opex_minus_10,Panorama 07,2021-09-30,2021,9,13.15986776,284.519606943462,166.31,118.209606943462,71.07787080960976,0,17681000.0,10.30437365,19.82268735,0.7
baseline,Panorama 08,2021-09-30,2021,9,13.15986776,288.02503775675086,166.31,121.71503775675086,73.18563992348678,0,17681000.0,10.30437365,19.82268735,0.7
capex_minus_10,Panorama 08,2021-09-30,2021,9,13.15986776,262.72796479436465,166.31,96.41796479436465,57.97484504501512,0,15912900.0,10.30437365,19.82268735,0.7
capex_minus_15,Panorama 08,2021-09-30,2021,9,13.15986776,250.07942831317152,166.31,83.76942831317152,50.36944760577927,0,15028850.0,10.30437365,19.82268735,0.7
coe_minus_200bps,Panorama 08,2021-09-30,2021,9,12.55986776,278.383158948569,166.31,112.07315894856902,67.38810591580122,0,17681000.0,10.30437365,17.82268735,0.7
tech_premium_half,Panorama 08,2021-09-30,2021,9,12.149193878826,271.8480688127461,166.31,105.53806881274608,63.4586427832037,0,17681000.0,9.428986824179999,18.496343673000002,0.7
cod_minus_100bps,Panorama 08,2021-09-30,2021,9,12.459867760000002,276.78689822212885,166.31,110.47689822212885,66.42829548561653,0,17681000.0,9.30437365,19.82268735,0.7
cod_minus_200bps,Panorama 08,2021-09-30,2021,9,11.75986776,265.7037182010871,166.31,99.3937182010871,59.76412615061457,0,17681000.0,8.30437365,19.82268735,0.7
debt_share_plus_10pp,Panorama 08,2021-09-30,2021,9,12.208036390000002,272.7811022800866,166.31,106.4711022800866,64.01966344783031,0,17681000.0,10.30437365,19.82268735,0.7999999999999999
combined_financing_relief,Panorama 08,2021-09-30,2021,9,11.008036390000001,253.98757217940485,166.31,87.67757217940485,52.719362743914886,0,17681000.0,9.30437365,17.82268735,0.7999999999999999
opex_minus_10,Panorama 08,2021-09-30,2021,9,13.15986776,284.519606943462,166.31,118.209606943462,71.07787080960976,0,17681000.0,10.30437365,19.82268735,0.7
baseline,BELMONTE 1 1,2022-05-27,2022,5,16.09593293,268.7080928179823,178.0,90.70809281798228,50.95960270673161,0,205316700.0,12.60576868,24.23964951,0.7
capex_minus_10,BELMONTE 1 1,2022-05-27,2022,5,16.09593293,244.55065415818873,178.0,66.55065415818873,37.38800795403861,0,184785030.0,12.60576868,24.23964951,0.7
capex_minus_15,BELMONTE 1 1,2022-05-27,2022,5,16.09593293,232.47193482829198,178.0,54.47193482829198,30.602210577692123,0,174519195.0,12.60576868,24.23964951,0.7
coe_minus_200bps,BELMONTE 1 1,2022-05-27,2022,5,15.495932929,260.6555420031042,178.0,82.65554200310419,46.43569775455291,0,205316700.0,12.60576868,22.23964951,0.7
tech_premium_half,BELMONTE 1 1,2022-05-27,2022,5,15.326446464072001,258.3919234187536,178.0,80.3919234187536,45.1640019206481,0,205316700.0,11.93928433896,23.229824756000003,0.7
cod_minus_100bps,BELMONTE 1 1,2022-05-27,2022,5,15.395932929,259.31936051200785,178.0,81.31936051200785,45.685033995510025,0,205316700.0,11.60576868,24.23964951,0.7
cod_minus_200bps,BELMONTE 1 1,2022-05-27,2022,5,14.695932929000001,250.01634804747616,178.0,72.01634804747616,40.45862249858211,0,205316700.0,10.60576868,24.23964951,0.7
debt_share_plus_10pp,BELMONTE 1 1,2022-05-27,2022,5,14.932544846000003,253.15084290423283,178.0,75.15084290423283,42.21957466529934,0,205316700.0,12.60576868,24.23964951,0.7999999999999999
combined_financing_relief,BELMONTE 1 1,2022-05-27,2022,5,13.732544846,237.3681202283025,178.0,59.3681202283025,33.352876532754216,0,205316700.0,11.60576868,22.23964951,0.7999999999999999
opex_minus_10,BELMONTE 1 1,2022-05-27,2022,5,16.09593293,265.99472219597754,178.0,87.99472219597754,49.43523718875143,0,205316700.0,12.60576868,24.23964951,0.7
baseline,BELMONTE 1 4,2022-05-27,2022,5,16.09593293,403.0075422032577,178.66,224.3475422032577,125.57233975330666,0,34642500.0,12.60576868,24.23964951,0.7
capex_minus_10,BELMONTE 1 4,2022-05-27,2022,5,16.09593293,366.7762925713196,178.66,188.11629257131958,105.29289856225208,0,31178250.0,12.60576868,24.23964951,0.7
capex_minus_15,BELMONTE 1 4,2022-05-27,2022,5,16.09593293,348.6606677553505,178.66,170.00066775535052,95.1531779667248,0,29446125.0,12.60576868,24.23964951,0.7
coe_minus_200bps,BELMONTE 1 4,2022-05-27,2022,5,15.495932929,390.9303521125216,178.66,212.27035211252158,118.81246619977699,0,34642500.0,12.60576868,22.23964951,0.7
tech_premium_half,BELMONTE 1 4,2022-05-27,2022,5,15.326446464072001,387.53538416202167,178.66,208.87538416202167,116.91222666630566,0,34642500.0,11.93928433896,23.229824756000003,0.7
cod_minus_100bps,BELMONTE 1 4,2022-05-27,2022,5,15.395932929,388.92635136359576,178.66,210.26635136359576,117.69078213567434,0,34642500.0,11.60576868,24.23964951,0.7
cod_minus_200bps,BELMONTE 1 4,2022-05-27,2022,5,14.695932929000001,374.97372286923746,178.66,196.31372286923747,109.88118373963813,0,34642500.0,10.60576868,24.23964951,0.7
debt_share_plus_10pp,BELMONTE 1 4,2022-05-27,2022,5,14.932544846000003,379.67482828221057,178.66,201.01482828221057,112.51249763920887,0,34642500.0,12.60576868,24.23964951,0.7999999999999999
combined_financing_relief,BELMONTE 1 4,2022-05-27,2022,5,13.732544846,356.00395102939433,178.66,177.34395102939433,99.26337794100209,0,34642500.0,11.60576868,22.23964951,0.7999999999999999
opex_minus_10,BELMONTE 1 4,2022-05-27,2022,5,16.09593293,398.93803761487,178.66,220.27803761487,123.29454696903055,0,34642500.0,12.60576868,24.23964951,0.7
baseline,BELMONTE 2 1,2022-05-27,2022,5,16.09593293,268.7080928179823,177.99,90.71809281798227,50.96808405976867,0,205316700.0,12.60576868,24.23964951,0.7
capex_minus_10,BELMONTE 2 1,2022-05-27,2022,5,16.09593293,244.55065415818873,177.99,66.56065415818873,37.395726815095635,0,184785030.0,12.60576868,24.23964951,0.7
capex_minus_15,BELMONTE 2 1,2022-05-27,2022,5,16.09593293,232.47193482829198,177.99,54.48193482829197,30.609548192759124,0,174519195.0,12.60576868,24.23964951,0.7
coe_minus_200bps,BELMONTE 2 1,2022-05-27,2022,5,15.495932929,260.6555420031042,177.99,82.66554200310418,46.44392494134736,0,205316700.0,12.60576868,22.23964951,0.7
tech_premium_half,BELMONTE 2 1,2022-05-27,2022,5,15.326446464072001,258.3919234187536,177.99,80.4019234187536,45.17215765984246,0,205316700.0,11.93928433896,23.229824756000003,0.7
cod_minus_100bps,BELMONTE 2 1,2022-05-27,2022,5,15.395932929,259.31936051200785,177.99,81.32936051200784,45.69321900781383,0,205316700.0,11.60576868,24.23964951,0.7
cod_minus_200bps,BELMONTE 2 1,2022-05-27,2022,5,14.695932929000001,250.01634804747616,177.99,72.02634804747615,40.46651387576613,0,205316700.0,10.60576868,24.23964951,0.7
debt_share_plus_10pp,BELMONTE 2 1,2022-05-27,2022,5,14.932544846000003,253.15084290423283,177.99,75.16084290423282,42.22756497793855,0,205316700.0,12.60576868,24.23964951,0.7999999999999999
combined_financing_relief,BELMONTE 2 1,2022-05-27,2022,5,13.732544846,237.3681202283025,177.99,59.37812022830249,33.36036868829849,0,205316700.0,11.60576868,22.23964951,0.7999999999999999
opex_minus_10,BELMONTE 2 1,2022-05-27,2022,5,16.09593293,265.99472219597754,177.99,88.00472219597754,49.44363289846482,0,205316700.0,12.60576868,24.23964951,0.7
baseline,LUIZ GONZAGA I,2022-05-27,2022,5,16.09593293,281.54236643263886,178.52,103.02236643263885,57.70914543616337,0,121006810.0,12.60576868,24.23964951,0.7
capex_minus_10,LUIZ GONZAGA I,2022-05-27,2022,5,16.09593293,256.23109882623334,178.52,77.71109882623333,43.53075219932406,0,108906129.0,12.60576868,24.23964951,0.7
capex_minus_15,LUIZ GONZAGA I,2022-05-27,2022,5,16.09593293,243.57546502303063,178.52,65.05546502303062,36.44155558090444,0,102855788.5,12.60576868,24.23964951,0.7
coe_minus_200bps,LUIZ GONZAGA I,2022-05-27,2022,5,15.495932929,273.10520256569555,178.52,94.58520256569554,52.98297253287897,0,121006810.0,12.60576868,22.23964951,0.7
tech_premium_half,LUIZ GONZAGA I,2022-05-27,2022,5,15.326446464072001,270.7334670290376,178.52,92.21346702903762,51.65441800864755,0,121006810.0,11.93928433896,23.229824756000003,0.7
cod_minus_100bps,LUIZ GONZAGA I,2022-05-27,2022,5,15.395932929,271.70520119277546,178.52,93.18520119277545,52.1987459067754,0,121006810.0,11.60576868,24.23964951,0.7
cod_minus_200bps,LUIZ GONZAGA I,2022-05-27,2022,5,14.695932929000001,261.9578500212476,178.52,83.43785002124761,46.73865674504123,0,121006810.0,10.60576868,24.23964951,0.7
debt_share_plus_10pp,LUIZ GONZAGA I,2022-05-27,2022,5,14.932544846000003,265.2420573928498,178.52,86.72205739284979,48.57834270269426,0,121006810.0,12.60576868,24.23964951,0.7999999999999999
combined_financing_relief,LUIZ GONZAGA I,2022-05-27,2022,5,13.732544846,248.70550636154817,178.52,70.18550636154816,39.315206341893436,0,121006810.0,11.60576868,22.23964951,0.7999999999999999
opex_minus_10,LUIZ GONZAGA I,2022-05-27,2022,5,16.09593293,278.6993973957804,178.52,100.1793973957804,56.11662412938628,0,121006810.0,12.60576868,24.23964951,0.7
baseline,LUIZ GONZAGA III,2022-05-27,2022,5,16.09593293,281.54236643263886,178.52,103.02236643263885,57.70914543616337,0,121006810.0,12.60576868,24.23964951,0.7
capex_minus_10,LUIZ GONZAGA III,2022-05-27,2022,5,16.09593293,256.23109882623334,178.52,77.71109882623333,43.53075219932406,0,108906129.0,12.60576868,24.23964951,0.7
capex_minus_15,LUIZ GONZAGA III,2022-05-27,2022,5,16.09593293,243.57546502303063,178.52,65.05546502303062,36.44155558090444,0,102855788.5,12.60576868,24.23964951,0.7
coe_minus_200bps,LUIZ GONZAGA III,2022-05-27,2022,5,15.495932929,273.10520256569555,178.52,94.58520256569554,52.98297253287897,0,121006810.0,12.60576868,22.23964951,0.7
tech_premium_half,LUIZ GONZAGA III,2022-05-27,2022,5,15.326446464072001,270.7334670290376,178.52,92.21346702903762,51.65441800864755,0,121006810.0,11.93928433896,23.229824756000003,0.7
cod_minus_100bps,LUIZ GONZAGA III,2022-05-27,2022,5,15.395932929,271.70520119277546,178.52,93.18520119277545,52.1987459067754,0,121006810.0,11.60576868,24.23964951,0.7
cod_minus_200bps,LUIZ GONZAGA III,2022-05-27,2022,5,14.695932929000001,261.9578500212476,178.52,83.43785002124761,46.73865674504123,0,121006810.0,10.60576868,24.23964951,0.7
debt_share_plus_10pp,LUIZ GONZAGA III,2022-05-27,2022,5,14.932544846000003,265.2420573928498,178.52,86.72205739284979,48.57834270269426,0,121006810.0,12.60576868,24.23964951,0.7999999999999999
combined_financing_relief,LUIZ GONZAGA III,2022-05-27,2022,5,13.732544846,248.70550636154817,178.52,70.18550636154816,39.315206341893436,0,121006810.0,11.60576868,22.23964951,0.7999999999999999
opex_minus_10,LUIZ GONZAGA III,2022-05-27,2022,5,16.09593293,278.6993973957804,178.52,100.1793973957804,56.11662412938628,0,121006810.0,12.60576868,24.23964951,0.7
baseline,PROFESSORA HELEY DE ABREU SILVA BATISTA 1,2022-10-14,2022,10,11.39032,250.93337284478636,170.7,80.23337284478637,47.00256171340737,0,257597500.0,9.2004,20.15,0.8
capex_minus_10,PROFESSORA HELEY DE ABREU SILVA BATISTA 1,2022-10-14,2022,10,11.39032,229.29716811378643,170.7,58.59716811378644,34.32757358745545,0,231837750.0,9.2004,20.15,0.8
capex_minus_15,PROFESSORA HELEY DE ABREU SILVA BATISTA 1,2022-10-14,2022,10,11.39032,218.47906574828647,170.7,47.779065748286484,27.990079524479487,0,218957875.0,9.2004,20.15,0.8
coe_minus_200bps,PROFESSORA HELEY DE ABREU SILVA BATISTA 1,2022-10-14,2022,10,10.99032,244.9423009336668,170.7,74.2423009336668,43.49285350537013,0,257597500.0,9.2004,18.15,0.8
tech_premium_half,PROFESSORA HELEY DE ABREU SILVA BATISTA 1,2022-10-14,2022,10,10.84432,242.76982773107196,170.7,72.06982773107197,42.22016855950321,0,257597500.0,8.7054,19.4,0.8
cod_minus_100bps,PROFESSORA HELEY DE ABREU SILVA BATISTA 1,2022-10-14,2022,10,10.590319999999998,239.0090486124261,170.7,68.30904861242612,40.01701734764273,0,257597500.0,8.2004,20.15,0.8
cod_minus_200bps,PROFESSORA HELEY DE ABREU SILVA BATISTA 1,2022-10-14,2022,10,9.790319999999998,227.32643658866732,170.7,56.62643658866733,33.173073572740094,0,257597500.0,7.2004,20.15,0.8
debt_share_plus_10pp,PROFESSORA HELEY DE ABREU SILVA BATISTA 1,2022-10-14,2022,10,10.84284,242.74784526427447,170.7,72.04784526427449,42.207290723066485,0,257597500.0,9.2004,20.15,0.85
combined_financing_relief,PROFESSORA HELEY DE ABREU SILVA BATISTA 1,2022-10-14,2022,10,9.69284,225.92045698829818,170.7,55.220456988298196,32.349418270824955,0,257597500.0,8.2004,18.15,0.85
opex_minus_10,PROFESSORA HELEY DE ABREU SILVA BATISTA 1,2022-10-14,2022,10,11.39032,247.47624029130762,170.7,76.77624029130763,44.97729366801853,0,257597500.0,9.2004,20.15,0.8
baseline,PROFESSORA HELEY DE ABREU SILVA BATISTA 2,2022-10-14,2022,10,11.39032,250.93337284478636,171.95,78.98337284478637,45.933918490716124,0,257597500.0,9.2004,20.15,0.8
capex_minus_10,PROFESSORA HELEY DE ABREU SILVA BATISTA 2,2022-10-14,2022,10,11.39032,229.29716811378643,171.95,57.34716811378644,33.35107188937857,0,231837750.0,9.2004,20.15,0.8
capex_minus_15,PROFESSORA HELEY DE ABREU SILVA BATISTA 2,2022-10-14,2022,10,11.39032,218.47906574828647,171.95,46.529065748286484,27.059648588709795,0,218957875.0,9.2004,20.15,0.8
coe_minus_200bps,PROFESSORA HELEY DE ABREU SILVA BATISTA 2,2022-10-14,2022,10,10.99032,244.9423009336668,171.95,72.9923009336668,42.44972429989346,0,257597500.0,9.2004,18.15,0.8
tech_premium_half,PROFESSORA HELEY DE ABREU SILVA BATISTA 2,2022-10-14,2022,10,10.84432,242.76982773107196,171.95,70.81982773107197,41.18629120736957,0,257597500.0,8.7054,19.4,0.8
cod_minus_100bps,PROFESSORA HELEY DE ABREU SILVA BATISTA 2,2022-10-14,2022,10,10.590319999999998,239.0090486124261,171.95,67.05904861242612,38.99915592464445,0,257597500.0,8.2004,20.15,0.8
cod_minus_200bps,PROFESSORA HELEY DE ABREU SILVA BATISTA 2,2022-10-14,2022,10,9.790319999999998,227.32643658866732,171.95,55.37643658866733,32.20496457613686,0,257597500.0,7.2004,20.15,0.8
debt_share_plus_10pp,PROFESSORA HELEY DE ABREU SILVA BATISTA 2,2022-10-14,2022,10,10.84284,242.74784526427447,171.95,70.79784526427449,41.17350698707443,0,257597500.0,9.2004,20.15,0.85
combined_financing_relief,PROFESSORA HELEY DE ABREU SILVA BATISTA 2,2022-10-14,2022,10,9.69284,225.92045698829818,171.95,53.970456988298196,31.387296881825065,0,257597500.0,8.2004,18.15,0.85
opex_minus_10,PROFESSORA HELEY DE ABREU SILVA BATISTA 2,2022-10-14,2022,10,11.39032,247.47624029130762,171.95,75.52624029130763,43.92337324298205,0,257597500.0,9.2004,20.15,0.8
baseline,SANTA LUZIA XXVI,2022-10-14,2022,10,11.39032,150.95284118214815,172.2,-21.24715881785184,-12.338652042887247,1,144693200.0,9.2004,20.15,0.8
capex_minus_10,SANTA LUZIA XXVI,2022-10-14,2022,10,11.39032,137.93724847843555,172.2,-34.26275152156444,-19.897068247133824,1,130223880.0,9.2004,20.15,0.8
capex_minus_15,SANTA LUZIA XXVI,2022-10-14,2022,10,11.39032,131.42945212657926,172.2,-40.770547873420725,-23.6762763492571,1,122989220.0,9.2004,20.15,0.8
coe_minus_200bps,SANTA LUZIA XXVI,2022-10-14,2022,10,10.99032,147.3488194591078,172.2,-24.851180540892187,-14.431579872759691,1,144693200.0,9.2004,18.15,0.8
tech_premium_half,SANTA LUZIA XXVI,2022-10-14,2022,10,10.84432,146.04193469273642,172.2,-26.15806530726357,-15.190514115716361,1,144693200.0,8.7054,19.4,0.8
cod_minus_100bps,SANTA LUZIA XXVI,2022-10-14,2022,10,10.590319999999998,143.77958000224996,172.2,-28.42041999775003,-16.50430894178283,1,144693200.0,8.2004,20.15,0.8
cod_minus_200bps,SANTA LUZIA XXVI,2022-10-14,2022,10,9.790319999999998,136.75172452994659,172.2,-35.4482754700534,-20.585525824653544,1,144693200.0,7.2004,20.15,0.8
debt_share_plus_10pp,SANTA LUZIA XXVI,2022-10-14,2022,10,10.84284,146.02871080074527,172.2,-26.171289199254716,-15.198193495502158,1,144693200.0,9.2004,20.15,0.85
combined_financing_relief,SANTA LUZIA XXVI,2022-10-14,2022,10,9.69284,135.9059358134926,172.2,-36.2940641865074,-21.076692326659348,1,144693200.0,8.2004,18.15,0.85
opex_minus_10,SANTA LUZIA XXVI,2022-10-14,2022,10,11.39032,148.8731497676459,172.2,-23.326850232354076,-13.546370634351963,1,144693200.0,9.2004,20.15,0.8
baseline,SANTA LUZIA XXVII,2022-10-14,2022,10,11.39032,169.4672374410324,171.2,-1.732762558967579,-1.0121276629483522,1,162439850.0,9.2004,20.15,0.8
capex_minus_10,SANTA LUZIA XXVII,2022-10-14,2022,10,11.39032,154.85527968177234,171.2,-16.344720318227644,-9.547149718590914,1,146195865.0,9.2004,20.15,0.8
capex_minus_15,SANTA LUZIA XXVII,2022-10-14,2022,10,11.39032,147.5493008021423,171.2,-23.650699197857676,-13.814660746412194,1,138073872.5,9.2004,20.15,0.8
coe_minus_200bps,SANTA LUZIA XXVII,2022-10-14,2022,10,10.99032,165.421181730894,171.2,-5.778818269105983,-3.3754779609263923,1,162439850.0,9.2004,18.15,0.8
tech_premium_half,SANTA LUZIA XXVII,2022-10-14,2022,10,10.84432,163.95400728583903,171.2,-7.245992714160963,-4.232472379766918,1,162439850.0,8.7054,19.4,0.8
cod_minus_100bps,SANTA LUZIA XXVII,2022-10-14,2022,10,10.590319999999998,161.41417433886306,171.2,-9.785825661136926,-5.716019661879046,1,162439850.0,8.2004,20.15,0.8
cod_minus_200bps,SANTA LUZIA XXVII,2022-10-14,2022,10,9.790319999999998,153.52435098349466,171.2,-17.675649016505332,-10.324561341416667,1,162439850.0,7.2004,20.15,0.8
debt_share_plus_10pp,SANTA LUZIA XXVII,2022-10-14,2022,10,10.84284,163.93916148084318,171.2,-7.260838519156806,-4.241143994834584,1,162439850.0,9.2004,20.15,0.85
combined_financing_relief,SANTA LUZIA XXVII,2022-10-14,2022,10,9.69284,152.5748261113513,171.2,-18.625173888648675,-10.879190355519086,1,162439850.0,8.2004,18.15,0.85
opex_minus_10,SANTA LUZIA XXVII,2022-10-14,2022,10,11.39032,167.13247145618922,171.2,-4.0675285438107665,-2.3758928410109617,1,162439850.0,9.2004,20.15,0.8
